"time","price"
"2021-03-15T13:55:01Z",4.554855
"2021-03-15T13:56:01Z",4.554855
"2021-03-15T13:57:01Z",4.554855
"2021-03-15T13:58:01Z",4.554855
"2021-03-15T13:59:01Z",4.554855
"2021-03-15T14:00:01Z",4.554855
"2021-03-15T14:01:01Z",4.554855
"2021-03-15T14:02:01Z",8.903455
"2021-03-15T14:03:01Z",8.633962
"2021-03-15T14:04:01Z",7.63757
"2021-03-15T14:05:01Z",9.009216
"2021-03-15T14:06:01Z",9.201172
"2021-03-15T14:07:01Z",8.980049
"2021-03-15T14:08:01Z",7.512224
"2021-03-15T14:09:01Z",7.528484
"2021-03-15T14:10:01Z",7.01983
"2021-03-15T14:11:01Z",7.032748
"2021-03-15T14:12:01Z",6.777493
"2021-03-15T14:13:01Z",6.777493
"2021-03-15T14:14:01Z",6.777493
"2021-03-15T14:15:01Z",6.791821
"2021-03-15T14:16:01Z",6.929974
"2021-03-15T14:17:01Z",6.939145
"2021-03-15T14:18:01Z",6.949402
"2021-03-15T14:19:01Z",6.949402
"2021-03-15T14:20:01Z",6.580777
"2021-03-15T14:21:01Z",6.406635
"2021-03-15T14:22:01Z",6.425014
"2021-03-15T14:23:01Z",6.426677
"2021-03-15T14:24:01Z",6.426677
"2021-03-15T14:25:01Z",6.263953
"2021-03-15T14:26:01Z",6.074394
"2021-03-15T14:27:01Z",6.074394
"2021-03-15T14:28:01Z",6.297824
"2021-03-15T14:29:01Z",6.297824
"2021-03-15T14:30:01Z",6.299659
"2021-03-15T14:31:01Z",6.299659
"2021-03-15T14:32:01Z",6.324871
"2021-03-15T14:33:01Z",6.333796
"2021-03-15T14:34:01Z",6.333796
"2021-03-15T14:35:01Z",6.371078
"2021-03-15T14:36:01Z",6.371078
"2021-03-15T14:37:01Z",6.389111
"2021-03-15T14:38:01Z",6.389111
"2021-03-15T14:39:01Z",6.590079
"2021-03-15T14:40:01Z",6.54165
"2021-03-15T14:41:01Z",6.54165
"2021-03-15T14:42:01Z",6.669497
"2021-03-15T14:43:01Z",6.670913
"2021-03-15T14:44:01Z",6.686492
"2021-03-15T14:45:01Z",6.691498
"2021-03-15T14:46:01Z",6.710473
"2021-03-15T14:47:01Z",6.729875
"2021-03-15T14:48:01Z",6.744922
"2021-03-15T14:49:01Z",6.764757
"2021-03-15T14:50:01Z",6.764757
"2021-03-15T14:51:01Z",6.782112
"2021-03-15T14:52:01Z",6.543999
"2021-03-15T14:53:01Z",6.577965
"2021-03-15T14:54:01Z",6.69142
"2021-03-15T14:55:01Z",6.039396
"2021-03-15T14:56:01Z",6.039396
"2021-03-15T14:57:01Z",5.876928
"2021-03-15T14:58:01Z",5.19044
"2021-03-15T14:59:01Z",5.200486
"2021-03-15T15:00:01Z",5.218579
"2021-03-15T15:01:01Z",5.340081
"2021-03-15T15:02:01Z",5.340081
"2021-03-15T15:03:01Z",5.340081
"2021-03-15T15:04:01Z",5.317659
"2021-03-15T15:05:01Z",5.34161
"2021-03-15T15:06:01Z",5.342574
"2021-03-15T15:07:01Z",5.342574
"2021-03-15T15:08:01Z",5.357763
"2021-03-15T15:09:01Z",5.355883
"2021-03-15T15:10:01Z",5.355883
"2021-03-15T15:11:01Z",5.355883
"2021-03-15T15:12:01Z",5.362077
"2021-03-15T15:13:01Z",5.362077
"2021-03-15T15:14:01Z",5.411217
"2021-03-15T15:15:01Z",5.436604
"2021-03-15T15:16:01Z",5.27391
"2021-03-15T15:17:01Z",5.317829
"2021-03-15T15:18:01Z",5.317829
"2021-03-15T15:19:01Z",5.317829
"2021-03-15T15:20:01Z",5.326056
"2021-03-15T15:21:01Z",5.326056
"2021-03-15T15:22:01Z",5.326056
"2021-03-15T15:23:01Z",5.326056
"2021-03-15T15:24:01Z",5.330496
"2021-03-15T15:25:01Z",5.330496
"2021-03-15T15:26:01Z",5.330496
"2021-03-15T15:27:01Z",5.330496
"2021-03-15T15:28:01Z",5.342181
"2021-03-15T15:29:01Z",5.342181
"2021-03-15T15:30:01Z",5.423632
"2021-03-15T15:31:01Z",5.423632
"2021-03-15T15:32:01Z",5.423632
"2021-03-15T15:33:01Z",5.423632
"2021-03-15T15:34:01Z",5.434458
"2021-03-15T15:35:01Z",5.434458
"2021-03-15T15:36:01Z",5.43599
"2021-03-15T15:37:01Z",5.43599
"2021-03-15T15:38:01Z",5.41309
"2021-03-15T15:39:01Z",5.432533
"2021-03-15T15:40:01Z",5.435442
"2021-03-15T15:41:01Z",5.439983
"2021-03-15T15:42:01Z",5.443183
"2021-03-15T15:43:01Z",5.443183
"2021-03-15T15:44:01Z",5.499137
"2021-03-15T15:45:01Z",5.517611
"2021-03-15T15:46:01Z",5.517611
"2021-03-15T15:47:01Z",5.522463
"2021-03-15T15:48:01Z",5.522463
"2021-03-15T15:49:01Z",5.522463
"2021-03-15T15:50:01Z",5.522463
"2021-03-15T15:51:01Z",5.522463
"2021-03-15T15:52:01Z",5.537612
"2021-03-15T15:53:01Z",5.437299
"2021-03-15T15:54:01Z",5.437299
"2021-03-15T15:55:01Z",5.437299
"2021-03-15T15:56:01Z",5.422771
"2021-03-15T15:57:01Z",5.422771
"2021-03-15T15:58:01Z",5.422771
"2021-03-15T15:59:01Z",5.422771
"2021-03-15T16:00:01Z",5.430158
"2021-03-15T16:01:01Z",5.430158
"2021-03-15T16:02:01Z",5.430158
"2021-03-15T16:03:01Z",5.430158
"2021-03-15T16:04:01Z",5.430158
"2021-03-15T16:05:01Z",5.442006
"2021-03-15T16:06:01Z",5.442006
"2021-03-15T16:07:01Z",5.442006
"2021-03-15T16:08:01Z",5.442006
"2021-03-15T16:09:01Z",5.453739
"2021-03-15T16:10:01Z",5.407575
"2021-03-15T16:11:01Z",5.407575
"2021-03-15T16:12:01Z",5.416506
"2021-03-15T16:13:01Z",5.416506
"2021-03-15T16:14:01Z",5.416506
"2021-03-15T16:15:01Z",5.567287
"2021-03-15T16:16:01Z",5.567287
"2021-03-15T16:17:01Z",5.573354
"2021-03-15T16:18:01Z",5.573354
"2021-03-15T16:19:01Z",5.573354
"2021-03-15T16:20:01Z",5.583668
"2021-03-15T16:21:01Z",5.583668
"2021-03-15T16:22:01Z",5.583668
"2021-03-15T16:23:01Z",5.607455
"2021-03-15T16:24:01Z",5.607455
"2021-03-15T16:25:01Z",5.650223
"2021-03-15T16:26:01Z",5.650223
"2021-03-15T16:27:01Z",5.650223
"2021-03-15T16:28:01Z",5.650223
"2021-03-15T16:29:01Z",5.650223
"2021-03-15T16:30:01Z",5.650223
"2021-03-15T16:31:01Z",5.650223
"2021-03-15T16:32:01Z",5.650223
"2021-03-15T16:33:01Z",5.650223
"2021-03-15T16:34:01Z",5.650223
"2021-03-15T16:35:01Z",5.650223
"2021-03-15T16:36:01Z",5.650223
"2021-03-15T16:37:01Z",5.650223
"2021-03-15T16:38:01Z",5.650223
"2021-03-15T16:39:01Z",5.650223
"2021-03-15T16:40:01Z",5.650978
"2021-03-15T16:41:01Z",5.650978
"2021-03-15T16:42:01Z",5.650978
"2021-03-15T16:43:01Z",5.344088
"2021-03-15T16:44:01Z",5.344088
"2021-03-15T16:45:01Z",5.344088
"2021-03-15T16:46:01Z",5.363986
"2021-03-15T16:47:01Z",5.363986
"2021-03-15T16:48:01Z",5.368206
"2021-03-15T16:49:01Z",5.368206
"2021-03-15T16:50:01Z",5.375778
"2021-03-15T16:51:01Z",5.375778
"2021-03-15T16:52:01Z",5.417389
"2021-03-15T16:53:01Z",5.446854
"2021-03-15T16:54:01Z",5.364327
"2021-03-15T16:55:01Z",5.364327
"2021-03-15T16:56:01Z",5.383026
"2021-03-15T16:57:01Z",5.383026
"2021-03-15T16:58:01Z",5.361525
"2021-03-15T16:59:01Z",5.361525
"2021-03-15T17:00:01Z",5.434262
"2021-03-15T17:01:01Z",5.434262
"2021-03-15T17:02:01Z",5.434262
"2021-03-15T17:03:01Z",5.434262
"2021-03-15T17:04:01Z",5.434262
"2021-03-15T17:05:01Z",5.434262
"2021-03-15T17:06:01Z",5.434262
"2021-03-15T17:07:01Z",5.434262
"2021-03-15T17:08:01Z",5.434262
"2021-03-15T17:09:01Z",5.434262
"2021-03-15T17:10:01Z",5.434262
"2021-03-15T17:11:01Z",5.434262
"2021-03-15T17:12:01Z",5.434262
"2021-03-15T17:13:01Z",5.434262
"2021-03-15T17:14:01Z",5.434262
"2021-03-15T17:15:01Z",5.434262
"2021-03-15T17:16:01Z",5.438517
"2021-03-15T17:17:01Z",5.438517
"2021-03-15T17:18:01Z",5.438517
"2021-03-15T17:19:01Z",5.439782
"2021-03-15T17:20:01Z",5.439782
"2021-03-15T17:21:01Z",5.439782
"2021-03-15T17:22:01Z",5.439782
"2021-03-15T17:23:01Z",5.439782
"2021-03-15T17:24:01Z",5.085441
"2021-03-15T17:25:01Z",5.241382
"2021-03-15T17:26:01Z",5.241382
"2021-03-15T17:27:01Z",5.241382
"2021-03-15T17:28:01Z",5.242334
"2021-03-15T17:29:01Z",5.242334
"2021-03-15T17:30:01Z",5.242334
"2021-03-15T17:31:01Z",5.242334
"2021-03-15T17:32:01Z",5.242334
"2021-03-15T17:33:01Z",5.242334
"2021-03-15T17:34:01Z",5.242334
"2021-03-15T17:35:01Z",5.242334
"2021-03-15T17:36:01Z",5.246234
"2021-03-15T17:37:01Z",5.246234
"2021-03-15T17:38:01Z",5.198912
"2021-03-15T17:39:01Z",5.198912
"2021-03-15T17:40:01Z",5.198912
"2021-03-15T17:41:01Z",5.198934
"2021-03-15T17:42:01Z",5.200013
"2021-03-15T17:43:01Z",5.200013
"2021-03-15T17:44:01Z",5.200013
"2021-03-15T17:45:01Z",5.200034
"2021-03-15T17:46:01Z",5.20363
"2021-03-15T17:47:01Z",5.20363
"2021-03-15T17:48:01Z",5.20363
"2021-03-15T17:49:01Z",5.20363
"2021-03-15T17:50:01Z",5.210104
"2021-03-15T17:51:01Z",5.210104
"2021-03-15T17:52:01Z",5.210104
"2021-03-15T17:53:01Z",5.210104
"2021-03-15T17:54:01Z",5.210104
"2021-03-15T17:55:01Z",5.001971
"2021-03-15T17:56:01Z",5.001971
"2021-03-15T17:57:01Z",5.005597
"2021-03-15T17:58:01Z",5.007479
"2021-03-15T17:59:01Z",5.007479
"2021-03-15T18:00:01Z",5.007479
"2021-03-15T18:01:01Z",5.007479
"2021-03-15T18:02:01Z",5.013464
"2021-03-15T18:03:01Z",4.999991
"2021-03-15T18:04:01Z",4.999991
"2021-03-15T18:05:01Z",4.999991
"2021-03-15T18:06:01Z",4.999991
"2021-03-15T18:07:01Z",4.999991
"2021-03-15T18:08:01Z",4.999991
"2021-03-15T18:09:01Z",4.999991
"2021-03-15T18:10:01Z",4.999991
"2021-03-15T18:11:01Z",4.999991
"2021-03-15T18:12:01Z",4.999991
"2021-03-15T18:13:01Z",4.999991
"2021-03-15T18:14:01Z",4.999991
"2021-03-15T18:15:01Z",5.029223
"2021-03-15T18:16:01Z",5.029223
"2021-03-15T18:17:01Z",5.029223
"2021-03-15T18:18:01Z",5.029223
"2021-03-15T18:19:01Z",5.029223
"2021-03-15T18:20:01Z",5.029223
"2021-03-15T18:21:01Z",5.029223
"2021-03-15T18:22:01Z",5.032421
"2021-03-15T18:23:01Z",5.032421
"2021-03-15T18:24:01Z",5.042382
"2021-03-15T18:25:01Z",5.042382
"2021-03-15T18:26:01Z",4.869334
"2021-03-15T18:27:01Z",4.870009
"2021-03-15T18:28:01Z",4.870009
"2021-03-15T18:29:01Z",4.870009
"2021-03-15T18:30:01Z",4.870009
"2021-03-15T18:31:01Z",4.875176
"2021-03-15T18:32:01Z",4.875176
"2021-03-15T18:33:01Z",4.875176
"2021-03-15T18:34:01Z",4.876049
"2021-03-15T18:35:01Z",4.876049
"2021-03-15T18:36:01Z",4.850853
"2021-03-15T18:37:01Z",4.850853
"2021-03-15T18:38:01Z",4.850853
"2021-03-15T18:39:01Z",4.850853
"2021-03-15T18:40:01Z",4.850853
"2021-03-15T18:41:01Z",4.851247
"2021-03-15T18:42:01Z",4.851247
"2021-03-15T18:43:01Z",4.851247
"2021-03-15T18:44:01Z",4.851247
"2021-03-15T18:45:01Z",4.851247
"2021-03-15T18:46:01Z",4.851247
"2021-03-15T18:47:01Z",4.851247
"2021-03-15T18:48:01Z",4.851247
"2021-03-15T18:49:01Z",4.851247
"2021-03-15T18:50:01Z",4.85145
"2021-03-15T18:51:01Z",4.85145
"2021-03-15T18:52:01Z",4.85145
"2021-03-15T18:53:01Z",4.85145
"2021-03-15T18:54:01Z",4.85145
"2021-03-15T18:55:01Z",4.695384
"2021-03-15T18:56:01Z",4.695384
"2021-03-15T18:57:01Z",4.695384
"2021-03-15T18:58:01Z",4.695384
"2021-03-15T18:59:01Z",4.695384
"2021-03-15T19:00:01Z",4.695384
"2021-03-15T19:01:01Z",4.695384
"2021-03-15T19:02:01Z",4.695384
"2021-03-15T19:03:01Z",4.689849
"2021-03-15T19:04:01Z",4.689849
"2021-03-15T19:05:01Z",4.689849
"2021-03-15T19:06:01Z",4.699241
"2021-03-15T19:07:01Z",4.699241
"2021-03-15T19:08:01Z",4.699241
"2021-03-15T19:09:01Z",4.699241
"2021-03-15T19:10:01Z",4.701008
"2021-03-15T19:11:01Z",4.701008
"2021-03-15T19:12:01Z",4.701008
"2021-03-15T19:13:01Z",4.701008
"2021-03-15T19:14:01Z",4.701008
"2021-03-15T19:15:01Z",4.701008
"2021-03-15T19:16:01Z",4.701008
"2021-03-15T19:17:01Z",4.701008
"2021-03-15T19:18:01Z",4.775965
"2021-03-15T19:19:01Z",4.775965
"2021-03-15T19:20:01Z",4.772457
"2021-03-15T19:21:01Z",4.772457
"2021-03-15T19:22:01Z",4.772457
"2021-03-15T19:23:01Z",4.772457
"2021-03-15T19:24:01Z",4.772457
"2021-03-15T19:25:01Z",4.772457
"2021-03-15T19:26:01Z",4.772457
"2021-03-15T19:27:01Z",4.774848
"2021-03-15T19:28:01Z",4.774848
"2021-03-15T19:29:01Z",4.774848
"2021-03-15T19:30:01Z",4.774848
"2021-03-15T19:31:01Z",4.774848
"2021-03-15T19:32:01Z",4.774848
"2021-03-15T19:33:01Z",4.774848
"2021-03-15T19:34:01Z",4.774848
"2021-03-15T19:35:01Z",4.774848
"2021-03-15T19:36:01Z",4.774848
"2021-03-15T19:37:01Z",4.774848
"2021-03-15T19:38:01Z",4.774848
"2021-03-15T19:39:01Z",4.804959
"2021-03-15T19:40:01Z",4.804959
"2021-03-15T19:41:01Z",4.556927
"2021-03-15T19:42:01Z",4.556927
"2021-03-15T19:43:01Z",4.556927
"2021-03-15T19:44:01Z",4.556927
"2021-03-15T19:45:01Z",4.556927
"2021-03-15T19:46:01Z",4.556927
"2021-03-15T19:47:01Z",4.557689
"2021-03-15T19:48:01Z",4.557994
"2021-03-15T19:49:01Z",4.557994
"2021-03-15T19:50:01Z",4.557994
"2021-03-15T19:51:01Z",4.557994
"2021-03-15T19:52:01Z",4.557994
"2021-03-15T19:53:01Z",4.571012
"2021-03-15T19:54:01Z",4.571012
"2021-03-15T19:55:01Z",4.571012
"2021-03-15T19:56:01Z",4.571012
"2021-03-15T19:57:01Z",4.571965
"2021-03-15T19:58:01Z",4.571965
"2021-03-15T19:59:01Z",4.575567
"2021-03-15T20:00:01Z",4.575567
"2021-03-15T20:01:01Z",4.575567
"2021-03-15T20:02:01Z",4.575567
"2021-03-15T20:03:01Z",4.584578
"2021-03-15T20:04:01Z",4.592849
"2021-03-15T20:05:01Z",4.592849
"2021-03-15T20:06:01Z",4.603593
"2021-03-15T20:07:01Z",4.603593
"2021-03-15T20:08:01Z",4.603593
"2021-03-15T20:09:01Z",4.603593
"2021-03-15T20:10:01Z",4.603593
"2021-03-15T20:11:01Z",4.603593
"2021-03-15T20:12:01Z",4.611612
"2021-03-15T20:13:01Z",4.582269
"2021-03-15T20:14:01Z",4.582269
"2021-03-15T20:15:01Z",4.582269
"2021-03-15T20:16:01Z",4.582269
"2021-03-15T20:17:01Z",4.582269
"2021-03-15T20:18:01Z",4.582269
"2021-03-15T20:19:01Z",4.582269
"2021-03-15T20:20:01Z",4.582269
"2021-03-15T20:21:01Z",4.582269
"2021-03-15T20:22:01Z",4.582269
"2021-03-15T20:23:01Z",4.582269
"2021-03-15T20:24:01Z",4.585874
"2021-03-15T20:25:01Z",4.585874
"2021-03-15T20:26:01Z",4.585874
"2021-03-15T20:27:01Z",4.585874
"2021-03-15T20:28:01Z",4.619503
"2021-03-15T20:29:01Z",4.619503
"2021-03-15T20:30:01Z",4.267464
"2021-03-15T20:31:01Z",4.38575
"2021-03-15T20:32:01Z",4.38575
"2021-03-15T20:33:01Z",4.387264
"2021-03-15T20:34:01Z",4.387264
"2021-03-15T20:35:01Z",4.387887
"2021-03-15T20:36:01Z",4.387887
"2021-03-15T20:37:01Z",4.387887
"2021-03-15T20:38:01Z",4.387887
"2021-03-15T20:39:01Z",4.387887
"2021-03-15T20:40:01Z",4.387887
"2021-03-15T20:41:01Z",4.387887
"2021-03-15T20:42:01Z",4.34325
"2021-03-15T20:43:01Z",4.34325
"2021-03-15T20:44:01Z",4.34325
"2021-03-15T20:45:01Z",4.34325
"2021-03-15T20:46:01Z",4.34823
"2021-03-15T20:47:01Z",4.349718
"2021-03-15T20:48:01Z",4.349718
"2021-03-15T20:49:01Z",4.351208
"2021-03-15T20:50:01Z",4.351208
"2021-03-15T20:51:01Z",4.351208
"2021-03-15T20:52:01Z",4.351208
"2021-03-15T20:53:01Z",4.351208
"2021-03-15T20:54:01Z",4.28944
"2021-03-15T20:55:01Z",4.28944
"2021-03-15T20:56:01Z",4.28944
"2021-03-15T20:57:01Z",4.261621
"2021-03-15T20:58:01Z",4.261621
"2021-03-15T20:59:01Z",4.261621
"2021-03-15T21:00:01Z",4.261621
"2021-03-15T21:01:01Z",4.261621
"2021-03-15T21:02:01Z",4.261621
"2021-03-15T21:03:01Z",4.262827
"2021-03-15T21:04:01Z",4.262827
"2021-03-15T21:05:01Z",4.260441
"2021-03-15T21:06:01Z",4.260441
"2021-03-15T21:07:01Z",4.264804
"2021-03-15T21:08:01Z",4.264804
"2021-03-15T21:09:01Z",4.264804
"2021-03-15T21:10:01Z",4.264804
"2021-03-15T21:11:01Z",4.264804
"2021-03-15T21:12:01Z",4.264804
"2021-03-15T21:13:01Z",4.264804
"2021-03-15T21:14:01Z",4.264804
"2021-03-15T21:15:01Z",4.264804
"2021-03-15T21:16:01Z",4.268419
"2021-03-15T21:17:01Z",4.109132
"2021-03-15T21:18:01Z",4.109132
"2021-03-15T21:19:01Z",4.109132
"2021-03-15T21:20:01Z",4.115744
"2021-03-15T21:21:01Z",4.115744
"2021-03-15T21:22:01Z",4.115744
"2021-03-15T21:23:01Z",4.115744
"2021-03-15T21:24:01Z",4.115744
"2021-03-15T21:25:01Z",4.115744
"2021-03-15T21:26:01Z",4.115744
"2021-03-15T21:27:01Z",4.115744
"2021-03-15T21:28:01Z",4.115744
"2021-03-15T21:29:01Z",4.115744
"2021-03-15T21:30:01Z",4.115744
"2021-03-15T21:31:01Z",4.115744
"2021-03-15T21:32:01Z",4.115744
"2021-03-15T21:33:01Z",4.115744
"2021-03-15T21:34:01Z",4.115744
"2021-03-15T21:35:01Z",4.122187
"2021-03-15T21:36:01Z",4.124914
"2021-03-15T21:37:01Z",4.124914
"2021-03-15T21:38:01Z",4.124914
"2021-03-15T21:39:01Z",4.124914
"2021-03-15T21:40:01Z",4.124914
"2021-03-15T21:41:01Z",4.124914
"2021-03-15T21:42:01Z",4.138379
"2021-03-15T21:43:01Z",4.026185
"2021-03-15T21:44:01Z",4.026185
"2021-03-15T21:45:01Z",4.026185
"2021-03-15T21:46:01Z",4.026185
"2021-03-15T21:47:01Z",4.026185
"2021-03-15T21:48:01Z",4.026185
"2021-03-15T21:49:01Z",4.026185
"2021-03-15T21:50:01Z",4.029311
"2021-03-15T21:51:01Z",4.029311
"2021-03-15T21:52:01Z",4.029311
"2021-03-15T21:53:01Z",4.029311
"2021-03-15T21:54:01Z",4.029613
"2021-03-15T21:55:01Z",4.032391
"2021-03-15T21:56:01Z",4.032391
"2021-03-15T21:57:01Z",4.064759
"2021-03-15T21:58:01Z",4.064759
"2021-03-15T21:59:01Z",4.064759
"2021-03-15T22:00:01Z",4.064759
"2021-03-15T22:01:01Z",4.064759
"2021-03-15T22:02:01Z",4.196749
"2021-03-15T22:03:01Z",4.198191
"2021-03-15T22:04:01Z",3.998884
"2021-03-15T22:05:01Z",4.106316
"2021-03-15T22:06:01Z",4.106316
"2021-03-15T22:07:01Z",4.106316
"2021-03-15T22:08:01Z",4.107931
"2021-03-15T22:09:01Z",4.238956
"2021-03-15T22:10:01Z",4.238956
"2021-03-15T22:11:01Z",4.238956
"2021-03-15T22:12:01Z",4.296991
"2021-03-15T22:13:01Z",4.296991
"2021-03-15T22:14:01Z",4.296991
"2021-03-15T22:15:01Z",4.296991
"2021-03-15T22:16:01Z",4.296991
"2021-03-15T22:17:01Z",4.296991
"2021-03-15T22:18:01Z",4.296991
"2021-03-15T22:19:01Z",4.298375
"2021-03-15T22:20:01Z",4.298375
"2021-03-15T22:21:01Z",4.298375
"2021-03-15T22:22:01Z",4.29258
"2021-03-15T22:23:01Z",4.29258
"2021-03-15T22:24:01Z",4.298334
"2021-03-15T22:25:01Z",4.298334
"2021-03-15T22:26:01Z",4.298334
"2021-03-15T22:27:01Z",4.298334
"2021-03-15T22:28:01Z",4.298334
"2021-03-15T22:29:01Z",4.300617
"2021-03-15T22:30:01Z",4.300617
"2021-03-15T22:31:01Z",4.300617
"2021-03-15T22:32:01Z",4.300617
"2021-03-15T22:33:01Z",4.300617
"2021-03-15T22:34:01Z",4.300617
"2021-03-15T22:35:01Z",4.300617
"2021-03-15T22:36:01Z",4.306045
"2021-03-15T22:37:01Z",4.306045
"2021-03-15T22:38:01Z",4.223009
"2021-03-15T22:39:01Z",4.360019
"2021-03-15T22:40:01Z",4.47108
"2021-03-15T22:41:01Z",4.47108
"2021-03-15T22:42:01Z",4.480589
"2021-03-15T22:43:01Z",4.480589
"2021-03-15T22:44:01Z",4.466282
"2021-03-15T22:45:01Z",4.466282
"2021-03-15T22:46:01Z",4.497956
"2021-03-15T22:47:01Z",4.497956
"2021-03-15T22:48:01Z",4.497956
"2021-03-15T22:49:01Z",4.513806
"2021-03-15T22:50:01Z",4.513806
"2021-03-15T22:51:01Z",4.513806
"2021-03-15T22:52:01Z",4.513806
"2021-03-15T22:53:01Z",4.513806
"2021-03-15T22:54:01Z",4.513806
"2021-03-15T22:55:01Z",4.545537
"2021-03-15T22:56:01Z",4.545537
"2021-03-15T22:57:01Z",4.545537
"2021-03-15T22:58:01Z",4.545537
"2021-03-15T22:59:01Z",4.545537
"2021-03-15T23:00:01Z",4.545537
"2021-03-15T23:01:01Z",4.433193
"2021-03-15T23:02:01Z",4.353205
"2021-03-15T23:03:01Z",4.353205
"2021-03-15T23:04:01Z",4.506603
"2021-03-15T23:05:01Z",4.506603
"2021-03-15T23:06:01Z",4.506603
"2021-03-15T23:07:01Z",4.577843
"2021-03-15T23:08:01Z",4.578157
"2021-03-15T23:09:01Z",4.581239
"2021-03-15T23:10:01Z",4.584318
"2021-03-15T23:11:01Z",4.588501
"2021-03-15T23:12:01Z",4.588501
"2021-03-15T23:13:01Z",4.372211
"2021-03-15T23:14:01Z",4.372211
"2021-03-15T23:15:01Z",4.372211
"2021-03-15T23:16:01Z",4.404059
"2021-03-15T23:17:01Z",4.404059
"2021-03-15T23:18:01Z",4.404059
"2021-03-15T23:19:01Z",4.408462
"2021-03-15T23:20:01Z",4.459146
"2021-03-15T23:21:01Z",4.459146
"2021-03-15T23:22:01Z",4.459146
"2021-03-15T23:23:01Z",4.474409
"2021-03-15T23:24:01Z",4.470758
"2021-03-15T23:25:01Z",4.470758
"2021-03-15T23:26:01Z",4.470758
"2021-03-15T23:27:01Z",4.476299
"2021-03-15T23:28:01Z",4.476299
"2021-03-15T23:29:01Z",4.476299
"2021-03-15T23:30:01Z",4.510243
"2021-03-15T23:31:01Z",4.513351
"2021-03-15T23:32:01Z",4.513351
"2021-03-15T23:33:01Z",4.513351
"2021-03-15T23:34:01Z",4.513351
"2021-03-15T23:35:01Z",4.513351
"2021-03-15T23:36:01Z",4.513351
"2021-03-15T23:37:01Z",4.450684
"2021-03-15T23:38:01Z",4.977917
"2021-03-15T23:39:01Z",4.998659
"2021-03-15T23:40:01Z",4.998659
"2021-03-15T23:41:01Z",5.05374
"2021-03-15T23:42:01Z",5.079803
"2021-03-15T23:43:01Z",5.173952
"2021-03-15T23:44:01Z",5.189451
"2021-03-15T23:45:01Z",5.014992
"2021-03-15T23:46:01Z",5.014992
"2021-03-15T23:47:01Z",5.014992
"2021-03-15T23:48:01Z",5.030655
"2021-03-15T23:49:01Z",5.041623
"2021-03-15T23:50:01Z",5.083763
"2021-03-15T23:51:01Z",5.09643
"2021-03-15T23:52:01Z",5.09643
"2021-03-15T23:53:01Z",5.09643
"2021-03-15T23:54:01Z",5.09643
"2021-03-15T23:55:01Z",5.118437
"2021-03-15T23:56:01Z",5.118437
"2021-03-15T23:57:01Z",5.232778
"2021-03-15T23:58:01Z",5.22194
"2021-03-15T23:59:01Z",5.22194
"2021-03-16T00:00:01Z",5.22194
"2021-03-16T00:01:01Z",5.460393
"2021-03-16T00:02:01Z",5.283127
"2021-03-16T00:03:01Z",5.283127
"2021-03-16T00:04:01Z",5.283127
"2021-03-16T00:05:01Z",5.283127
"2021-03-16T00:06:01Z",5.283127
"2021-03-16T00:07:01Z",5.300014
"2021-03-16T00:08:01Z",5.326344
"2021-03-16T00:09:01Z",5.326344
"2021-03-16T00:10:01Z",5.332478
"2021-03-16T00:11:01Z",5.332478
"2021-03-16T00:12:01Z",5.344897
"2021-03-16T00:13:01Z",5.344897
"2021-03-16T00:14:01Z",5.344897
"2021-03-16T00:15:01Z",5.344897
"2021-03-16T00:16:01Z",5.344897
"2021-03-16T00:17:01Z",5.344897
"2021-03-16T00:18:01Z",5.344897
"2021-03-16T00:19:01Z",5.354313
"2021-03-16T00:20:01Z",5.354313
"2021-03-16T00:21:01Z",5.364373
"2021-03-16T00:22:01Z",5.364373
"2021-03-16T00:23:01Z",5.364373
"2021-03-16T00:24:01Z",5.364373
"2021-03-16T00:25:01Z",5.364373
"2021-03-16T00:26:01Z",5.364373
"2021-03-16T00:27:01Z",5.364373
"2021-03-16T00:28:01Z",5.364373
"2021-03-16T00:29:01Z",5.364373
"2021-03-16T00:30:01Z",5.364373
"2021-03-16T00:31:01Z",5.364373
"2021-03-16T00:32:01Z",5.364373
"2021-03-16T00:33:01Z",5.364373
"2021-03-16T00:34:01Z",5.364373
"2021-03-16T00:35:01Z",5.364373
"2021-03-16T00:36:01Z",5.364373
"2021-03-16T00:37:01Z",5.364373
"2021-03-16T00:38:01Z",5.364373
"2021-03-16T00:39:01Z",5.364373
"2021-03-16T00:40:01Z",5.364373
"2021-03-16T00:41:01Z",5.364373
"2021-03-16T00:42:01Z",5.364373
"2021-03-16T00:43:01Z",5.364373
"2021-03-16T00:44:01Z",5.364373
"2021-03-16T00:45:01Z",5.364373
"2021-03-16T00:46:01Z",5.293023
"2021-03-16T00:47:01Z",5.293023
"2021-03-16T00:48:01Z",5.293023
"2021-03-16T00:49:01Z",5.293023
"2021-03-16T00:50:01Z",5.293023
"2021-03-16T00:51:01Z",5.293023
"2021-03-16T00:52:01Z",5.293023
"2021-03-16T00:53:01Z",5.296187
"2021-03-16T00:54:01Z",5.296187
"2021-03-16T00:55:01Z",5.296187
"2021-03-16T00:56:01Z",5.296187
"2021-03-16T00:57:01Z",5.296187
"2021-03-16T00:58:01Z",5.296187
"2021-03-16T00:59:01Z",5.296187
"2021-03-16T01:00:01Z",5.300735
"2021-03-16T01:01:01Z",5.300735
"2021-03-16T01:02:01Z",5.300735
"2021-03-16T01:03:01Z",5.300735
"2021-03-16T01:04:01Z",5.300735
"2021-03-16T01:05:01Z",5.300735
"2021-03-16T01:06:01Z",5.300735
"2021-03-16T01:07:01Z",5.306801
"2021-03-16T01:08:01Z",5.306801
"2021-03-16T01:09:01Z",5.306801
"2021-03-16T01:10:01Z",5.306801
"2021-03-16T01:11:01Z",5.306801
"2021-03-16T01:12:01Z",5.30727
"2021-03-16T01:13:01Z",5.30727
"2021-03-16T01:14:01Z",5.30727
"2021-03-16T01:15:01Z",5.30727
"2021-03-16T01:16:01Z",5.30727
"2021-03-16T01:17:01Z",5.30727
"2021-03-16T01:18:01Z",5.30727
"2021-03-16T01:19:01Z",5.30727
"2021-03-16T01:20:01Z",5.30727
"2021-03-16T01:21:01Z",5.30727
"2021-03-16T01:22:01Z",5.30727
"2021-03-16T01:23:01Z",5.30727
"2021-03-16T01:24:01Z",5.30727
"2021-03-16T01:25:01Z",5.30727
"2021-03-16T01:26:01Z",5.30727
"2021-03-16T01:27:01Z",5.320757
"2021-03-16T01:28:01Z",5.320757
"2021-03-16T01:29:01Z",5.320757
"2021-03-16T01:30:01Z",5.320757
"2021-03-16T01:31:01Z",5.320757
"2021-03-16T01:32:01Z",5.320757
"2021-03-16T01:33:01Z",5.320757
"2021-03-16T01:34:01Z",5.320757
"2021-03-16T01:35:01Z",5.320757
"2021-03-16T01:36:01Z",5.320757
"2021-03-16T01:37:01Z",5.320757
"2021-03-16T01:38:01Z",5.320757
"2021-03-16T01:39:01Z",5.320757
"2021-03-16T01:40:01Z",4.900895
"2021-03-16T01:41:01Z",5.064954
"2021-03-16T01:42:01Z",5.064954
"2021-03-16T01:43:01Z",5.064954
"2021-03-16T01:44:01Z",5.064954
"2021-03-16T01:45:01Z",5.064954
"2021-03-16T01:46:01Z",5.064954
"2021-03-16T01:47:01Z",5.036866
"2021-03-16T01:48:01Z",5.094995
"2021-03-16T01:49:01Z",5.094995
"2021-03-16T01:50:01Z",5.094995
"2021-03-16T01:51:01Z",5.094995
"2021-03-16T01:52:01Z",5.094995
"2021-03-16T01:53:01Z",5.094995
"2021-03-16T01:54:01Z",5.094995
"2021-03-16T01:55:01Z",5.166309
"2021-03-16T01:56:01Z",5.166309
"2021-03-16T01:57:01Z",5.166309
"2021-03-16T01:58:01Z",5.166309
"2021-03-16T01:59:01Z",5.180895
"2021-03-16T02:00:01Z",5.187219
"2021-03-16T02:01:01Z",5.187219
"2021-03-16T02:02:01Z",5.187219
"2021-03-16T02:03:01Z",5.187219
"2021-03-16T02:04:01Z",5.187219
"2021-03-16T02:05:01Z",5.19525
"2021-03-16T02:06:01Z",5.349672
"2021-03-16T02:07:01Z",5.349672
"2021-03-16T02:08:01Z",5.349672
"2021-03-16T02:09:01Z",5.349672
"2021-03-16T02:10:01Z",5.349672
"2021-03-16T02:11:01Z",5.349672
"2021-03-16T02:12:01Z",5.349672
"2021-03-16T02:13:01Z",5.337882
"2021-03-16T02:14:01Z",5.337882
"2021-03-16T02:15:01Z",5.337882
"2021-03-16T02:16:01Z",5.337882
"2021-03-16T02:17:01Z",5.337882
"2021-03-16T02:18:01Z",5.352531
"2021-03-16T02:19:01Z",5.352531
"2021-03-16T02:20:01Z",5.354258
"2021-03-16T02:21:01Z",5.354258
"2021-03-16T02:22:01Z",5.354258
"2021-03-16T02:23:01Z",5.354258
"2021-03-16T02:24:01Z",5.354258
"2021-03-16T02:25:01Z",5.354258
"2021-03-16T02:26:01Z",5.364383
"2021-03-16T02:27:01Z",5.00028
"2021-03-16T02:28:01Z",5.169067
"2021-03-16T02:29:01Z",5.169067
"2021-03-16T02:30:01Z",5.169067
"2021-03-16T02:31:01Z",5.169067
"2021-03-16T02:32:01Z",5.169067
"2021-03-16T02:33:01Z",5.169067
"2021-03-16T02:34:01Z",5.169067
"2021-03-16T02:35:01Z",5.169067
"2021-03-16T02:36:01Z",5.169067
"2021-03-16T02:37:01Z",5.169067
"2021-03-16T02:38:01Z",5.169067
"2021-03-16T02:39:01Z",5.169067
"2021-03-16T02:40:01Z",5.169067
"2021-03-16T02:41:01Z",5.169067
"2021-03-16T02:42:01Z",5.169067
"2021-03-16T02:43:01Z",5.17153
"2021-03-16T02:44:01Z",5.145798
"2021-03-16T02:45:01Z",5.147837
"2021-03-16T02:46:01Z",5.147837
"2021-03-16T02:47:01Z",5.058518
"2021-03-16T02:48:01Z",5.058518
"2021-03-16T02:49:01Z",5.058518
"2021-03-16T02:50:01Z",5.059254
"2021-03-16T02:51:01Z",5.064877
"2021-03-16T02:52:01Z",5.064877
"2021-03-16T02:53:01Z",5.064877
"2021-03-16T02:54:01Z",5.064877
"2021-03-16T02:55:01Z",5.064877
"2021-03-16T02:56:01Z",5.064877
"2021-03-16T02:57:01Z",5.064877
"2021-03-16T02:58:01Z",5.064877
"2021-03-16T02:59:01Z",5.064877
"2021-03-16T03:00:01Z",5.064877
"2021-03-16T03:01:01Z",5.064877
"2021-03-16T03:02:01Z",5.064877
"2021-03-16T03:03:01Z",5.064877
"2021-03-16T03:04:01Z",5.064877
"2021-03-16T03:05:01Z",5.064877
"2021-03-16T03:06:01Z",5.064877
"2021-03-16T03:07:01Z",5.064877
"2021-03-16T03:08:01Z",5.067678
"2021-03-16T03:09:01Z",5.067678
"2021-03-16T03:10:01Z",5.090074
"2021-03-16T03:11:01Z",5.090074
"2021-03-16T03:12:01Z",5.090074
"2021-03-16T03:13:01Z",5.090074
"2021-03-16T03:14:01Z",5.090074
"2021-03-16T03:15:01Z",5.091482
"2021-03-16T03:16:01Z",5.091482
"2021-03-16T03:17:01Z",5.093162
"2021-03-16T03:18:01Z",5.111637
"2021-03-16T03:19:01Z",5.153929
"2021-03-16T03:20:01Z",5.153929
"2021-03-16T03:21:01Z",5.153929
"2021-03-16T03:22:01Z",5.182164
"2021-03-16T03:23:01Z",5.182164
"2021-03-16T03:24:01Z",5.190052
"2021-03-16T03:25:01Z",5.190052
"2021-03-16T03:26:01Z",5.190052
"2021-03-16T03:27:01Z",5.190052
"2021-03-16T03:28:01Z",5.194925
"2021-03-16T03:29:01Z",5.194925
"2021-03-16T03:30:01Z",5.194925
"2021-03-16T03:31:01Z",5.194925
"2021-03-16T03:32:01Z",5.194925
"2021-03-16T03:33:01Z",5.194925
"2021-03-16T03:34:01Z",5.194925
"2021-03-16T03:35:01Z",4.996186
"2021-03-16T03:36:01Z",5.004404
"2021-03-16T03:37:01Z",5.004404
"2021-03-16T03:38:01Z",5.004404
"2021-03-16T03:39:01Z",5.004404
"2021-03-16T03:40:01Z",5.004404
"2021-03-16T03:41:01Z",4.998336
"2021-03-16T03:42:01Z",4.998336
"2021-03-16T03:43:01Z",4.998336
"2021-03-16T03:44:01Z",4.998336
"2021-03-16T03:45:01Z",4.998336
"2021-03-16T03:46:01Z",4.998336
"2021-03-16T03:47:01Z",4.998336
"2021-03-16T03:48:01Z",4.954326
"2021-03-16T03:49:01Z",4.954326
"2021-03-16T03:50:01Z",4.954326
"2021-03-16T03:51:01Z",4.954326
"2021-03-16T03:52:01Z",4.956888
"2021-03-16T03:53:01Z",5.011364
"2021-03-16T03:54:01Z",5.011364
"2021-03-16T03:55:01Z",5.011364
"2021-03-16T03:56:01Z",5.011364
"2021-03-16T03:57:01Z",5.011364
"2021-03-16T03:58:01Z",5.011364
"2021-03-16T03:59:01Z",5.011364
"2021-03-16T04:00:01Z",5.011589
"2021-03-16T04:01:01Z",5.011589
"2021-03-16T04:02:01Z",5.011589
"2021-03-16T04:03:01Z",5.011589
"2021-03-16T04:04:01Z",5.011589
"2021-03-16T04:05:01Z",5.011589
"2021-03-16T04:06:01Z",5.011589
"2021-03-16T04:07:01Z",5.011589
"2021-03-16T04:08:01Z",5.011589
"2021-03-16T04:09:01Z",5.011589
"2021-03-16T04:10:01Z",5.011589
"2021-03-16T04:11:01Z",5.011589
"2021-03-16T04:12:01Z",5.011589
"2021-03-16T04:13:01Z",5.016238
"2021-03-16T04:14:01Z",5.018589
"2021-03-16T04:15:01Z",5.018589
"2021-03-16T04:16:01Z",5.018589
"2021-03-16T04:17:01Z",5.018589
"2021-03-16T04:18:01Z",5.018589
"2021-03-16T04:19:01Z",5.018589
"2021-03-16T04:20:01Z",5.018589
"2021-03-16T04:21:01Z",5.018589
"2021-03-16T04:22:01Z",5.018589
"2021-03-16T04:23:01Z",5.018589
"2021-03-16T04:24:01Z",4.8576
"2021-03-16T04:25:01Z",4.853621
"2021-03-16T04:26:01Z",4.853621
"2021-03-16T04:27:01Z",5.007347
"2021-03-16T04:28:01Z",5.007347
"2021-03-16T04:29:01Z",5.007347
"2021-03-16T04:30:01Z",5.023978
"2021-03-16T04:31:01Z",5.023978
"2021-03-16T04:32:01Z",5.032439
"2021-03-16T04:33:01Z",5.032439
"2021-03-16T04:34:01Z",5.023261
"2021-03-16T04:35:01Z",5.023261
"2021-03-16T04:36:01Z",5.023261
"2021-03-16T04:37:01Z",5.023261
"2021-03-16T04:38:01Z",5.023261
"2021-03-16T04:39:01Z",5.023261
"2021-03-16T04:40:01Z",5.023261
"2021-03-16T04:41:01Z",5.026634
"2021-03-16T04:42:01Z",5.026634
"2021-03-16T04:43:01Z",5.026634
"2021-03-16T04:44:01Z",5.026634
"2021-03-16T04:45:01Z",5.026634
"2021-03-16T04:46:01Z",5.026634
"2021-03-16T04:47:01Z",5.026634
"2021-03-16T04:48:01Z",5.026634
"2021-03-16T04:49:01Z",4.938863
"2021-03-16T04:50:01Z",4.938863
"2021-03-16T04:51:01Z",4.938863
"2021-03-16T04:52:01Z",4.938863
"2021-03-16T04:53:01Z",4.938863
"2021-03-16T04:54:01Z",4.965304
"2021-03-16T04:55:01Z",4.965304
"2021-03-16T04:56:01Z",4.965304
"2021-03-16T04:57:01Z",4.951339
"2021-03-16T04:58:01Z",4.951339
"2021-03-16T04:59:01Z",4.951339
"2021-03-16T05:00:01Z",4.951339
"2021-03-16T05:01:01Z",4.951339
"2021-03-16T05:02:01Z",4.951339
"2021-03-16T05:03:01Z",4.951339
"2021-03-16T05:04:01Z",4.951339
"2021-03-16T05:05:01Z",4.951339
"2021-03-16T05:06:01Z",4.951339
"2021-03-16T05:07:01Z",4.951339
"2021-03-16T05:08:01Z",4.951339
"2021-03-16T05:09:01Z",4.951339
"2021-03-16T05:10:01Z",4.951339
"2021-03-16T05:11:01Z",4.951339
"2021-03-16T05:12:01Z",4.951339
"2021-03-16T05:13:01Z",4.951339
"2021-03-16T05:14:01Z",4.951339
"2021-03-16T05:15:01Z",4.951339
"2021-03-16T05:16:01Z",4.951339
"2021-03-16T05:17:01Z",4.951339
"2021-03-16T05:18:01Z",4.951339
"2021-03-16T05:19:01Z",4.951339
"2021-03-16T05:20:01Z",4.951339
"2021-03-16T05:21:01Z",4.951339
"2021-03-16T05:22:01Z",4.951339
"2021-03-16T05:23:01Z",4.951339
"2021-03-16T05:24:01Z",4.951339
"2021-03-16T05:25:01Z",4.951339
"2021-03-16T05:26:01Z",4.951339
"2021-03-16T05:27:01Z",4.951339
"2021-03-16T05:28:01Z",4.951339
"2021-03-16T05:29:01Z",4.951339
"2021-03-16T05:30:01Z",4.951339
"2021-03-16T05:31:01Z",4.951339
"2021-03-16T05:32:01Z",4.953184
"2021-03-16T05:33:01Z",4.953184
"2021-03-16T05:34:01Z",4.635792
"2021-03-16T05:35:01Z",4.784274
"2021-03-16T05:36:01Z",4.784274
"2021-03-16T05:37:01Z",4.784274
"2021-03-16T05:38:01Z",4.784274
"2021-03-16T05:39:01Z",4.784274
"2021-03-16T05:40:01Z",4.784274
"2021-03-16T05:41:01Z",4.781651
"2021-03-16T05:42:01Z",4.781651
"2021-03-16T05:43:01Z",4.782089
"2021-03-16T05:44:01Z",4.85957
"2021-03-16T05:45:01Z",4.85957
"2021-03-16T05:46:01Z",4.85957
"2021-03-16T05:47:01Z",4.85957
"2021-03-16T05:48:01Z",4.800357
"2021-03-16T05:49:01Z",4.800357
"2021-03-16T05:50:01Z",4.743926
"2021-03-16T05:51:01Z",4.743926
"2021-03-16T05:52:01Z",4.752813
"2021-03-16T05:53:01Z",4.752813
"2021-03-16T05:54:01Z",4.752813
"2021-03-16T05:55:01Z",4.752813
"2021-03-16T05:56:01Z",4.752813
"2021-03-16T05:57:01Z",4.752813
"2021-03-16T05:58:01Z",4.752813
"2021-03-16T05:59:01Z",4.752813
"2021-03-16T06:00:01Z",4.754137
"2021-03-16T06:01:01Z",4.629829
"2021-03-16T06:02:01Z",4.632573
"2021-03-16T06:03:01Z",4.632573
"2021-03-16T06:04:01Z",4.632573
"2021-03-16T06:05:01Z",4.645285
"2021-03-16T06:06:01Z",4.645285
"2021-03-16T06:07:01Z",4.645285
"2021-03-16T06:08:01Z",4.645285
"2021-03-16T06:09:01Z",4.502989
"2021-03-16T06:10:01Z",4.578056
"2021-03-16T06:11:01Z",4.579346
"2021-03-16T06:12:01Z",4.58331
"2021-03-16T06:13:01Z",4.58331
"2021-03-16T06:14:01Z",4.647045
"2021-03-16T06:15:01Z",4.68495
"2021-03-16T06:16:01Z",4.68495
"2021-03-16T06:17:01Z",4.689335
"2021-03-16T06:18:01Z",4.695661
"2021-03-16T06:19:01Z",4.695661
"2021-03-16T06:20:01Z",4.695661
"2021-03-16T06:21:01Z",4.695661
"2021-03-16T06:22:01Z",4.695661
"2021-03-16T06:23:01Z",4.695661
"2021-03-16T06:24:01Z",4.695661
"2021-03-16T06:25:01Z",4.695661
"2021-03-16T06:26:01Z",4.698975
"2021-03-16T06:27:01Z",4.714169
"2021-03-16T06:28:01Z",4.714169
"2021-03-16T06:29:01Z",4.714169
"2021-03-16T06:30:01Z",4.764892
"2021-03-16T06:31:01Z",4.764892
"2021-03-16T06:32:01Z",4.764892
"2021-03-16T06:33:01Z",4.764892
"2021-03-16T06:34:01Z",4.764892
"2021-03-16T06:35:01Z",4.764892
"2021-03-16T06:36:01Z",4.764892
"2021-03-16T06:37:01Z",4.764892
"2021-03-16T06:38:01Z",4.764892
"2021-03-16T06:39:01Z",4.764892
"2021-03-16T06:40:01Z",4.764892
"2021-03-16T06:41:01Z",4.943407
"2021-03-16T06:42:01Z",4.943407
"2021-03-16T06:43:01Z",4.78987
"2021-03-16T06:44:01Z",4.828001
"2021-03-16T06:45:01Z",4.833032
"2021-03-16T06:46:01Z",4.833032
"2021-03-16T06:47:01Z",4.833032
"2021-03-16T06:48:01Z",4.834597
"2021-03-16T06:49:01Z",4.834597
"2021-03-16T06:50:01Z",4.866168
"2021-03-16T06:51:01Z",4.845064
"2021-03-16T06:52:01Z",4.845064
"2021-03-16T06:53:01Z",4.845064
"2021-03-16T06:54:01Z",4.845064
"2021-03-16T06:55:01Z",4.850138
"2021-03-16T06:56:01Z",4.850138
"2021-03-16T06:57:01Z",4.850138
"2021-03-16T06:58:01Z",4.850138
"2021-03-16T06:59:01Z",4.850138
"2021-03-16T07:00:01Z",4.851025
"2021-03-16T07:01:01Z",4.852692
"2021-03-16T07:02:01Z",4.852692
"2021-03-16T07:03:01Z",4.852692
"2021-03-16T07:04:01Z",4.85316
"2021-03-16T07:05:01Z",4.85316
"2021-03-16T07:06:01Z",4.85316
"2021-03-16T07:07:01Z",4.85316
"2021-03-16T07:08:01Z",4.85316
"2021-03-16T07:09:01Z",4.85316
"2021-03-16T07:10:01Z",4.85377
"2021-03-16T07:11:01Z",4.85377
"2021-03-16T07:12:01Z",4.85377
"2021-03-16T07:13:01Z",4.85377
"2021-03-16T07:14:01Z",4.85377
"2021-03-16T07:15:01Z",4.854182
"2021-03-16T07:16:01Z",4.854182
"2021-03-16T07:17:01Z",4.854182
"2021-03-16T07:18:01Z",4.854182
"2021-03-16T07:19:01Z",4.854182
"2021-03-16T07:20:01Z",4.854182
"2021-03-16T07:21:01Z",4.854182
"2021-03-16T07:22:01Z",4.854182
"2021-03-16T07:23:01Z",4.854182
"2021-03-16T07:24:01Z",4.864639
"2021-03-16T07:25:01Z",4.864639
"2021-03-16T07:26:01Z",4.864639
"2021-03-16T07:27:01Z",4.861979
"2021-03-16T07:28:01Z",4.861979
"2021-03-16T07:29:01Z",4.861979
"2021-03-16T07:30:01Z",4.861979
"2021-03-16T07:31:01Z",4.862104
"2021-03-16T07:32:01Z",4.890884
"2021-03-16T07:33:01Z",4.891377
"2021-03-16T07:34:01Z",4.893894
"2021-03-16T07:35:01Z",4.893894
"2021-03-16T07:36:01Z",4.893894
"2021-03-16T07:37:01Z",4.893894
"2021-03-16T07:38:01Z",4.893983
"2021-03-16T07:39:01Z",4.893983
"2021-03-16T07:40:01Z",4.893983
"2021-03-16T07:41:01Z",4.893983
"2021-03-16T07:42:01Z",4.833186
"2021-03-16T07:43:01Z",4.833186
"2021-03-16T07:44:01Z",4.833186
"2021-03-16T07:45:01Z",4.833186
"2021-03-16T07:46:01Z",4.833186
"2021-03-16T07:47:01Z",4.833186
"2021-03-16T07:48:01Z",4.86007
"2021-03-16T07:49:01Z",4.86007
"2021-03-16T07:50:01Z",4.86007
"2021-03-16T07:51:01Z",4.86007
"2021-03-16T07:52:01Z",4.643718
"2021-03-16T07:53:01Z",4.643718
"2021-03-16T07:54:01Z",4.643718
"2021-03-16T07:55:01Z",4.643718
"2021-03-16T07:56:01Z",4.649359
"2021-03-16T07:57:01Z",4.649359
"2021-03-16T07:58:01Z",4.649359
"2021-03-16T07:59:01Z",4.649359
"2021-03-16T08:00:01Z",4.697986
"2021-03-16T08:01:01Z",4.69894
"2021-03-16T08:02:01Z",4.69894
"2021-03-16T08:03:01Z",4.69894
"2021-03-16T08:04:01Z",4.69894
"2021-03-16T08:05:01Z",4.69894
"2021-03-16T08:06:01Z",4.710397
"2021-03-16T08:07:01Z",4.710397
"2021-03-16T08:08:01Z",4.710397
"2021-03-16T08:09:01Z",4.720144
"2021-03-16T08:10:01Z",4.720144
"2021-03-16T08:11:01Z",4.720144
"2021-03-16T08:12:01Z",4.720144
"2021-03-16T08:13:01Z",4.720144
"2021-03-16T08:14:01Z",4.720144
"2021-03-16T08:15:01Z",4.720144
"2021-03-16T08:16:01Z",4.744413
"2021-03-16T08:17:01Z",4.744413
"2021-03-16T08:18:01Z",4.744883
"2021-03-16T08:19:01Z",4.764965
"2021-03-16T08:20:01Z",4.764965
"2021-03-16T08:21:01Z",4.764965
"2021-03-16T08:22:01Z",4.812973
"2021-03-16T08:23:01Z",4.812973
"2021-03-16T08:24:01Z",4.812973
"2021-03-16T08:25:01Z",4.812973
"2021-03-16T08:26:01Z",4.812973
"2021-03-16T08:27:01Z",4.812973
"2021-03-16T08:28:01Z",4.814198
"2021-03-16T08:29:01Z",4.814198
"2021-03-16T08:30:01Z",4.814198
"2021-03-16T08:31:01Z",4.814198
"2021-03-16T08:32:01Z",4.814198
"2021-03-16T08:33:01Z",4.837862
"2021-03-16T08:34:01Z",4.837862
"2021-03-16T08:35:01Z",4.837862
"2021-03-16T08:36:01Z",4.864562
"2021-03-16T08:37:01Z",4.864562
"2021-03-16T08:38:01Z",4.864562
"2021-03-16T08:39:01Z",4.864562
"2021-03-16T08:40:01Z",4.864605
"2021-03-16T08:41:01Z",4.864605
"2021-03-16T08:42:01Z",4.865833
"2021-03-16T08:43:01Z",4.865833
"2021-03-16T08:44:01Z",4.865833
"2021-03-16T08:45:01Z",4.865833
"2021-03-16T08:46:01Z",4.865833
"2021-03-16T08:47:01Z",4.868121
"2021-03-16T08:48:01Z",4.868121
"2021-03-16T08:49:01Z",4.868121
"2021-03-16T08:50:01Z",4.868121
"2021-03-16T08:51:01Z",4.868121
"2021-03-16T08:52:01Z",4.835832
"2021-03-16T08:53:01Z",4.835832
"2021-03-16T08:54:01Z",4.884927
"2021-03-16T08:55:01Z",4.704933
"2021-03-16T08:56:01Z",4.704933
"2021-03-16T08:57:01Z",4.706644
"2021-03-16T08:58:01Z",4.706644
"2021-03-16T08:59:01Z",4.706644
"2021-03-16T09:00:01Z",4.706644
"2021-03-16T09:01:01Z",4.706644
"2021-03-16T09:02:01Z",4.706644
"2021-03-16T09:03:01Z",4.706644
"2021-03-16T09:04:01Z",4.706644
"2021-03-16T09:05:01Z",4.706644
"2021-03-16T09:06:01Z",4.71378
"2021-03-16T09:07:01Z",4.716155
"2021-03-16T09:08:01Z",4.791174
"2021-03-16T09:09:01Z",4.791174
"2021-03-16T09:10:01Z",4.791174
"2021-03-16T09:11:01Z",4.791174
"2021-03-16T09:12:01Z",4.791174
"2021-03-16T09:13:01Z",4.791174
"2021-03-16T09:14:01Z",4.791174
"2021-03-16T09:15:01Z",4.791174
"2021-03-16T09:16:01Z",4.791174
"2021-03-16T09:17:01Z",4.791174
"2021-03-16T09:18:01Z",4.789618
"2021-03-16T09:19:01Z",4.837449
"2021-03-16T09:20:01Z",4.837449
"2021-03-16T09:21:01Z",4.837449
"2021-03-16T09:22:01Z",4.841759
"2021-03-16T09:23:01Z",4.841759
"2021-03-16T09:24:01Z",4.841759
"2021-03-16T09:25:01Z",4.841759
"2021-03-16T09:26:01Z",4.737076
"2021-03-16T09:27:01Z",4.737076
"2021-03-16T09:28:01Z",4.770094
"2021-03-16T09:29:01Z",4.770094
"2021-03-16T09:30:01Z",4.770094
"2021-03-16T09:31:01Z",4.770094
"2021-03-16T09:32:01Z",4.803799
"2021-03-16T09:33:01Z",5.282677
"2021-03-16T09:34:01Z",5.282677
"2021-03-16T09:35:01Z",5.21968
"2021-03-16T09:36:01Z",5.223304
"2021-03-16T09:37:01Z",5.223304
"2021-03-16T09:38:01Z",5.223304
"2021-03-16T09:39:01Z",5.223304
"2021-03-16T09:40:01Z",5.224157
"2021-03-16T09:41:01Z",5.225908
"2021-03-16T09:42:01Z",5.225908
"2021-03-16T09:43:01Z",5.201713
"2021-03-16T09:44:01Z",5.202075
"2021-03-16T09:45:01Z",5.202075
"2021-03-16T09:46:01Z",5.202075
"2021-03-16T09:47:01Z",5.203632
"2021-03-16T09:48:01Z",5.203632
"2021-03-16T09:49:01Z",5.203632
"2021-03-16T09:50:01Z",5.203632
"2021-03-16T09:51:01Z",5.203632
"2021-03-16T09:52:01Z",5.203632
"2021-03-16T09:53:01Z",5.203874
"2021-03-16T09:54:01Z",5.203874
"2021-03-16T09:55:01Z",5.203874
"2021-03-16T09:56:01Z",5.112313
"2021-03-16T09:57:01Z",5.112313
"2021-03-16T09:58:01Z",5.112313
"2021-03-16T09:59:01Z",5.112313
"2021-03-16T10:00:01Z",5.112313
"2021-03-16T10:01:01Z",5.112313
"2021-03-16T10:02:01Z",5.112313
"2021-03-16T10:03:01Z",5.112313
"2021-03-16T10:04:01Z",5.112313
"2021-03-16T10:05:01Z",5.112313
"2021-03-16T10:06:01Z",5.112313
"2021-03-16T10:07:01Z",5.112313
"2021-03-16T10:08:01Z",5.112313
"2021-03-16T10:09:01Z",5.112313
"2021-03-16T10:10:01Z",5.112313
"2021-03-16T10:11:01Z",5.112313
"2021-03-16T10:12:01Z",5.112313
"2021-03-16T10:13:01Z",5.112313
"2021-03-16T10:14:01Z",5.112313
"2021-03-16T10:15:01Z",5.112313
"2021-03-16T10:16:01Z",5.112313
"2021-03-16T10:17:01Z",5.11252
"2021-03-16T10:18:01Z",5.114899
"2021-03-16T10:19:01Z",5.126801
"2021-03-16T10:20:01Z",5.126801
"2021-03-16T10:21:01Z",5.126801
"2021-03-16T10:22:01Z",5.126801
"2021-03-16T10:23:01Z",5.051176
"2021-03-16T10:24:01Z",5.054999
"2021-03-16T10:25:01Z",5.054999
"2021-03-16T10:26:01Z",5.054999
"2021-03-16T10:27:01Z",5.054999
"2021-03-16T10:28:01Z",5.054999
"2021-03-16T10:29:01Z",5.054999
"2021-03-16T10:30:01Z",5.080358
"2021-03-16T10:31:01Z",5.080358
"2021-03-16T10:32:01Z",5.082892
"2021-03-16T10:33:01Z",5.082892
"2021-03-16T10:34:01Z",5.082892
"2021-03-16T10:35:01Z",5.082892
"2021-03-16T10:36:01Z",5.082892
"2021-03-16T10:37:01Z",5.088892
"2021-03-16T10:38:01Z",5.030971
"2021-03-16T10:39:01Z",5.030971
"2021-03-16T10:40:01Z",5.030971
"2021-03-16T10:41:01Z",5.042909
"2021-03-16T10:42:01Z",5.028953
"2021-03-16T10:43:01Z",5.029452
"2021-03-16T10:44:01Z",5.032023
"2021-03-16T10:45:01Z",5.036891
"2021-03-16T10:46:01Z",5.036891
"2021-03-16T10:47:01Z",5.036891
"2021-03-16T10:48:01Z",5.045129
"2021-03-16T10:49:01Z",5.045129
"2021-03-16T10:50:01Z",5.045129
"2021-03-16T10:51:01Z",5.045129
"2021-03-16T10:52:01Z",5.023405
"2021-03-16T10:53:01Z",5.023405
"2021-03-16T10:54:01Z",5.006507
"2021-03-16T10:55:01Z",5.006507
"2021-03-16T10:56:01Z",5.006507
"2021-03-16T10:57:01Z",5.00884
"2021-03-16T10:58:01Z",4.96215
"2021-03-16T10:59:01Z",4.973732
"2021-03-16T11:00:01Z",4.973732
"2021-03-16T11:01:01Z",4.973732
"2021-03-16T11:02:01Z",4.973732
"2021-03-16T11:03:01Z",4.993548
"2021-03-16T11:04:01Z",4.993548
"2021-03-16T11:05:01Z",4.993548
"2021-03-16T11:06:01Z",4.993548
"2021-03-16T11:07:01Z",4.993548
"2021-03-16T11:08:01Z",4.993548
"2021-03-16T11:09:01Z",4.993548
"2021-03-16T11:10:01Z",4.993548
"2021-03-16T11:11:01Z",4.99873
"2021-03-16T11:12:01Z",5.000809
"2021-03-16T11:13:01Z",4.998503
"2021-03-16T11:14:01Z",4.998503
"2021-03-16T11:15:01Z",4.998503
"2021-03-16T11:16:01Z",4.998503
"2021-03-16T11:17:01Z",5.001845
"2021-03-16T11:18:01Z",5.001845
"2021-03-16T11:19:01Z",5.001845
"2021-03-16T11:20:01Z",5.001845
"2021-03-16T11:21:01Z",5.001845
"2021-03-16T11:22:01Z",5.001845
"2021-03-16T11:23:01Z",5.006403
"2021-03-16T11:24:01Z",5.006403
"2021-03-16T11:25:01Z",5.006403
"2021-03-16T11:26:01Z",5.006403
"2021-03-16T11:27:01Z",4.908128
"2021-03-16T11:28:01Z",4.908128
"2021-03-16T11:29:01Z",4.908128
"2021-03-16T11:30:01Z",4.908128
"2021-03-16T11:31:01Z",4.908128
"2021-03-16T11:32:01Z",4.908128
"2021-03-16T11:33:01Z",4.95384
"2021-03-16T11:34:01Z",4.95384
"2021-03-16T11:35:01Z",4.965324
"2021-03-16T11:36:01Z",4.965324
"2021-03-16T11:37:01Z",4.969214
"2021-03-16T11:38:01Z",4.969214
"2021-03-16T11:39:01Z",4.969214
"2021-03-16T11:40:01Z",4.969214
"2021-03-16T11:41:01Z",4.969214
"2021-03-16T11:42:01Z",4.970374
"2021-03-16T11:43:01Z",4.970374
"2021-03-16T11:44:01Z",4.970374
"2021-03-16T11:45:01Z",4.970374
"2021-03-16T11:46:01Z",4.970374
"2021-03-16T11:47:01Z",4.97447
"2021-03-16T11:48:01Z",4.97447
"2021-03-16T11:49:01Z",4.97447
"2021-03-16T11:50:01Z",4.975626
"2021-03-16T11:51:01Z",4.976035
"2021-03-16T11:52:01Z",4.976035
"2021-03-16T11:53:01Z",4.978369
"2021-03-16T11:54:01Z",4.978369
"2021-03-16T11:55:01Z",4.979036
"2021-03-16T11:56:01Z",4.979244
"2021-03-16T11:57:01Z",4.874296
"2021-03-16T11:58:01Z",4.878813
"2021-03-16T11:59:01Z",4.878813
"2021-03-16T12:00:01Z",4.878813
"2021-03-16T12:01:01Z",4.878813
"2021-03-16T12:02:01Z",4.878813
"2021-03-16T12:03:01Z",4.878813
"2021-03-16T12:04:01Z",4.878813
"2021-03-16T12:05:01Z",4.882845
"2021-03-16T12:06:01Z",4.882845
"2021-03-16T12:07:01Z",4.882845
"2021-03-16T12:08:01Z",4.882845
"2021-03-16T12:09:01Z",4.882845
"2021-03-16T12:10:01Z",4.882845
"2021-03-16T12:11:01Z",4.882845
"2021-03-16T12:12:01Z",4.882845
"2021-03-16T12:13:01Z",4.886645
"2021-03-16T12:14:01Z",4.886645
"2021-03-16T12:15:01Z",4.886645
"2021-03-16T12:16:01Z",4.886645
"2021-03-16T12:17:01Z",4.887199
"2021-03-16T12:18:01Z",4.891231
"2021-03-16T12:19:01Z",4.891231
"2021-03-16T12:20:01Z",4.891231
"2021-03-16T12:21:01Z",4.891231
"2021-03-16T12:22:01Z",4.891231
"2021-03-16T12:23:01Z",4.891231
"2021-03-16T12:24:01Z",4.891231
"2021-03-16T12:25:01Z",4.891231
"2021-03-16T12:26:01Z",4.891231
"2021-03-16T12:27:01Z",4.891231
"2021-03-16T12:28:01Z",4.797008
"2021-03-16T12:29:01Z",4.797008
"2021-03-16T12:30:01Z",4.797072
"2021-03-16T12:31:01Z",4.797496
"2021-03-16T12:32:01Z",4.797496
"2021-03-16T12:33:01Z",4.797496
"2021-03-16T12:34:01Z",4.797496
"2021-03-16T12:35:01Z",4.797496
"2021-03-16T12:36:01Z",4.797496
"2021-03-16T12:37:01Z",4.797496
"2021-03-16T12:38:01Z",4.797496
"2021-03-16T12:39:01Z",4.797496
"2021-03-16T12:40:01Z",4.797496
"2021-03-16T12:41:01Z",4.797496
"2021-03-16T12:42:01Z",4.797496
"2021-03-16T12:43:01Z",4.797496
"2021-03-16T12:44:01Z",4.797496
"2021-03-16T12:45:01Z",4.79857
"2021-03-16T12:46:01Z",4.79857
"2021-03-16T12:47:01Z",4.799643
"2021-03-16T12:48:01Z",4.815256
"2021-03-16T12:49:01Z",4.815256
"2021-03-16T12:50:01Z",4.820366
"2021-03-16T12:51:01Z",4.820366
"2021-03-16T12:52:01Z",4.820589
"2021-03-16T12:53:01Z",4.820589
"2021-03-16T12:54:01Z",4.820589
"2021-03-16T12:55:01Z",4.825065
"2021-03-16T12:56:01Z",4.827258
"2021-03-16T12:57:01Z",4.831736
"2021-03-16T12:58:01Z",4.740787
"2021-03-16T12:59:01Z",4.740787
"2021-03-16T13:00:01Z",4.740787
"2021-03-16T13:01:01Z",4.740787
"2021-03-16T13:02:01Z",4.740787
"2021-03-16T13:03:01Z",4.740787
"2021-03-16T13:04:01Z",4.742225
"2021-03-16T13:05:01Z",4.742225
"2021-03-16T13:06:01Z",4.742225
"2021-03-16T13:07:01Z",4.742225
"2021-03-16T13:08:01Z",4.747496
"2021-03-16T13:09:01Z",4.747496
"2021-03-16T13:10:01Z",4.747496
"2021-03-16T13:11:01Z",4.747496
"2021-03-16T13:12:01Z",4.747496
"2021-03-16T13:13:01Z",4.750811
"2021-03-16T13:14:01Z",4.750811
"2021-03-16T13:15:01Z",4.750811
"2021-03-16T13:16:01Z",4.750811
"2021-03-16T13:17:01Z",4.759653
"2021-03-16T13:18:01Z",4.759653
"2021-03-16T13:19:01Z",4.759653
"2021-03-16T13:20:01Z",4.759653
"2021-03-16T13:21:01Z",4.759653
"2021-03-16T13:22:01Z",4.759653
"2021-03-16T13:23:01Z",4.759653
"2021-03-16T13:24:01Z",4.759653
"2021-03-16T13:25:01Z",4.759653
"2021-03-16T13:26:01Z",4.759653
"2021-03-16T13:27:01Z",4.759653
"2021-03-16T13:28:01Z",4.759653
"2021-03-16T13:29:01Z",4.759653
"2021-03-16T13:30:01Z",4.764927
"2021-03-16T13:31:01Z",4.764927
"2021-03-16T13:32:01Z",4.764927
"2021-03-16T13:33:01Z",4.765709
"2021-03-16T13:34:01Z",4.634433
"2021-03-16T13:35:01Z",4.755091
"2021-03-16T13:36:01Z",4.755091
"2021-03-16T13:37:01Z",4.806038
"2021-03-16T13:38:01Z",4.806038
"2021-03-16T13:39:01Z",4.806038
"2021-03-16T13:40:01Z",4.806038
"2021-03-16T13:41:01Z",4.806459
"2021-03-16T13:42:01Z",4.806459
"2021-03-16T13:43:01Z",4.844884
"2021-03-16T13:44:01Z",4.844884
"2021-03-16T13:45:01Z",4.844884
"2021-03-16T13:46:01Z",4.844884
"2021-03-16T13:47:01Z",4.77898
"2021-03-16T13:48:01Z",4.822798
"2021-03-16T13:49:01Z",4.822798
"2021-03-16T13:50:01Z",4.822798
"2021-03-16T13:51:01Z",4.822798
"2021-03-16T13:52:01Z",4.822798
"2021-03-16T13:53:01Z",4.822798
"2021-03-16T13:54:01Z",4.864989
"2021-03-16T13:55:01Z",4.864989
"2021-03-16T13:56:01Z",4.686583
"2021-03-16T13:57:01Z",4.764684
"2021-03-16T13:58:01Z",4.756387
"2021-03-16T13:59:01Z",4.756387
"2021-03-16T14:00:01Z",4.756387
"2021-03-16T14:01:01Z",4.756387
"2021-03-16T14:02:01Z",4.756387
"2021-03-16T14:03:01Z",4.756387
"2021-03-16T14:04:01Z",4.756387
"2021-03-16T14:05:01Z",4.756387
"2021-03-16T14:06:01Z",4.756387
"2021-03-16T14:07:01Z",4.756387
"2021-03-16T14:08:01Z",4.756387
"2021-03-16T14:09:01Z",4.756387
"2021-03-16T14:10:01Z",4.756387
"2021-03-16T14:11:01Z",4.756387
"2021-03-16T14:12:01Z",4.760204
"2021-03-16T14:13:01Z",4.760242
"2021-03-16T14:14:01Z",4.760242
"2021-03-16T14:15:01Z",4.760242
"2021-03-16T14:16:01Z",4.760242
"2021-03-16T14:17:01Z",4.760242
"2021-03-16T14:18:01Z",4.761676
"2021-03-16T14:19:01Z",4.761676
"2021-03-16T14:20:01Z",4.763344
"2021-03-16T14:21:01Z",4.763344
"2021-03-16T14:22:01Z",4.763344
"2021-03-16T14:23:01Z",4.763344
"2021-03-16T14:24:01Z",4.763344
"2021-03-16T14:25:01Z",4.763344
"2021-03-16T14:26:01Z",4.763344
"2021-03-16T14:27:01Z",4.651583
"2021-03-16T14:28:01Z",4.776307
"2021-03-16T14:29:01Z",4.776307
"2021-03-16T14:30:01Z",4.776307
"2021-03-16T14:31:01Z",4.778463
"2021-03-16T14:32:01Z",4.778463
"2021-03-16T14:33:01Z",4.798769
"2021-03-16T14:34:01Z",4.841992
"2021-03-16T14:35:01Z",4.726286
"2021-03-16T14:36:01Z",4.727231
"2021-03-16T14:37:01Z",4.727231
"2021-03-16T14:38:01Z",4.727231
"2021-03-16T14:39:01Z",4.863797
"2021-03-16T14:40:01Z",4.805464
"2021-03-16T14:41:01Z",4.805464
"2021-03-16T14:42:01Z",4.799265
"2021-03-16T14:43:01Z",4.817125
"2021-03-16T14:44:01Z",4.817125
"2021-03-16T14:45:01Z",4.817125
"2021-03-16T14:46:01Z",4.817125
"2021-03-16T14:47:01Z",4.817125
"2021-03-16T14:48:01Z",4.817125
"2021-03-16T14:49:01Z",4.817125
"2021-03-16T14:50:01Z",4.817125
"2021-03-16T14:51:01Z",4.817125
"2021-03-16T14:52:01Z",4.817125
"2021-03-16T14:53:01Z",4.817125
"2021-03-16T14:54:01Z",4.817125
"2021-03-16T14:55:01Z",4.82844
"2021-03-16T14:56:01Z",4.797426
"2021-03-16T14:57:01Z",4.797426
"2021-03-16T14:58:01Z",4.910315
"2021-03-16T14:59:01Z",4.910315
"2021-03-16T15:00:01Z",4.910315
"2021-03-16T15:01:01Z",4.910315
"2021-03-16T15:02:01Z",4.910315
"2021-03-16T15:03:01Z",4.910315
"2021-03-16T15:04:01Z",4.953552
"2021-03-16T15:05:01Z",4.953552
"2021-03-16T15:06:01Z",4.953552
"2021-03-16T15:07:01Z",4.953552
"2021-03-16T15:08:01Z",4.953552
"2021-03-16T15:09:01Z",4.873167
"2021-03-16T15:10:01Z",4.873167
"2021-03-16T15:11:01Z",4.873167
"2021-03-16T15:12:01Z",4.964039
"2021-03-16T15:13:01Z",4.964039
"2021-03-16T15:14:01Z",4.964039
"2021-03-16T15:15:01Z",5.072333
"2021-03-16T15:16:01Z",5.072333
"2021-03-16T15:17:01Z",5.072333
"2021-03-16T15:18:01Z",5.072333
"2021-03-16T15:19:01Z",5.072333
"2021-03-16T15:20:01Z",5.072333
"2021-03-16T15:21:01Z",5.126309
"2021-03-16T15:22:01Z",5.143652
"2021-03-16T15:23:01Z",5.224137
"2021-03-16T15:24:01Z",5.224137
"2021-03-16T15:25:01Z",5.224137
"2021-03-16T15:26:01Z",5.556076
"2021-03-16T15:27:01Z",5.556076
"2021-03-16T15:28:01Z",5.467881
"2021-03-16T15:29:01Z",6.036113
"2021-03-16T15:30:01Z",6.036113
"2021-03-16T15:31:01Z",6.036113
"2021-03-16T15:32:01Z",6.037124
"2021-03-16T15:33:01Z",6.037124
"2021-03-16T15:34:01Z",6.037124
"2021-03-16T15:35:01Z",6.037537
"2021-03-16T15:36:01Z",5.900628
"2021-03-16T15:37:01Z",6.032703
"2021-03-16T15:38:01Z",6.032703
"2021-03-16T15:39:01Z",6.032703
"2021-03-16T15:40:01Z",6.032703
"2021-03-16T15:41:01Z",5.977806
"2021-03-16T15:42:01Z",5.977806
"2021-03-16T15:43:01Z",5.980218
"2021-03-16T15:44:01Z",5.980218
"2021-03-16T15:45:01Z",5.980218
"2021-03-16T15:46:01Z",5.980218
"2021-03-16T15:47:01Z",6.002273
"2021-03-16T15:48:01Z",6.100426
"2021-03-16T15:49:01Z",6.100426
"2021-03-16T15:50:01Z",6.100426
"2021-03-16T15:51:01Z",6.100426
"2021-03-16T15:52:01Z",6.044419
"2021-03-16T15:53:01Z",6.089878
"2021-03-16T15:54:01Z",6.113331
"2021-03-16T15:55:01Z",6.113331
"2021-03-16T15:56:01Z",6.113331
"2021-03-16T15:57:01Z",6.113331
"2021-03-16T15:58:01Z",6.113331
"2021-03-16T15:59:01Z",6.113331
"2021-03-16T16:00:01Z",6.113331
"2021-03-16T16:01:01Z",6.113331
"2021-03-16T16:02:01Z",6.113331
"2021-03-16T16:03:01Z",6.113331
"2021-03-16T16:04:01Z",6.113331
"2021-03-16T16:05:01Z",6.113331
"2021-03-16T16:06:01Z",6.113331
"2021-03-16T16:07:01Z",6.115234
"2021-03-16T16:08:01Z",6.115234
"2021-03-16T16:09:01Z",6.115234
"2021-03-16T16:10:01Z",6.115515
"2021-03-16T16:11:01Z",6.115515
"2021-03-16T16:12:01Z",6.115515
"2021-03-16T16:13:01Z",6.115515
"2021-03-16T16:14:01Z",6.115515
"2021-03-16T16:15:01Z",6.115515
"2021-03-16T16:16:01Z",6.115515
"2021-03-16T16:17:01Z",6.115515
"2021-03-16T16:18:01Z",6.115515
"2021-03-16T16:19:01Z",6.115515
"2021-03-16T16:20:01Z",6.115515
"2021-03-16T16:21:01Z",6.116629
"2021-03-16T16:22:01Z",6.116629
"2021-03-16T16:23:01Z",6.116629
"2021-03-16T16:24:01Z",6.116858
"2021-03-16T16:25:01Z",6.116858
"2021-03-16T16:26:01Z",6.116858
"2021-03-16T16:27:01Z",6.116858
"2021-03-16T16:28:01Z",6.116858
"2021-03-16T16:29:01Z",6.008844
"2021-03-16T16:30:01Z",6.008844
"2021-03-16T16:31:01Z",6.008844
"2021-03-16T16:32:01Z",6.008844
"2021-03-16T16:33:01Z",6.008844
"2021-03-16T16:34:01Z",6.008844
"2021-03-16T16:35:01Z",6.008844
"2021-03-16T16:36:01Z",6.008844
"2021-03-16T16:37:01Z",6.008844
"2021-03-16T16:38:01Z",5.914599
"2021-03-16T16:39:01Z",5.914599
"2021-03-16T16:40:01Z",5.914599
"2021-03-16T16:41:01Z",5.914599
"2021-03-16T16:42:01Z",5.914599
"2021-03-16T16:43:01Z",5.914599
"2021-03-16T16:44:01Z",5.914599
"2021-03-16T16:45:01Z",5.852636
"2021-03-16T16:46:01Z",5.839592
"2021-03-16T16:47:01Z",5.839592
"2021-03-16T16:48:01Z",5.710818
"2021-03-16T16:49:01Z",5.710818
"2021-03-16T16:50:01Z",5.710818
"2021-03-16T16:51:01Z",5.710818
"2021-03-16T16:52:01Z",5.710818
"2021-03-16T16:53:01Z",5.590335
"2021-03-16T16:54:01Z",5.539069
"2021-03-16T16:55:01Z",5.539069
"2021-03-16T16:56:01Z",5.539069
"2021-03-16T16:57:01Z",5.539069
"2021-03-16T16:58:01Z",5.553945
"2021-03-16T16:59:01Z",5.45881
"2021-03-16T17:00:01Z",5.45881
"2021-03-16T17:01:01Z",5.45881
"2021-03-16T17:02:01Z",5.45881
"2021-03-16T17:03:01Z",5.456677
"2021-03-16T17:04:01Z",5.45711
"2021-03-16T17:05:01Z",5.45711
"2021-03-16T17:06:01Z",5.45711
"2021-03-16T17:07:01Z",5.459213
"2021-03-16T17:08:01Z",5.459213
"2021-03-16T17:09:01Z",5.459213
"2021-03-16T17:10:01Z",5.459213
"2021-03-16T17:11:01Z",5.459213
"2021-03-16T17:12:01Z",5.459213
"2021-03-16T17:13:01Z",5.459213
"2021-03-16T17:14:01Z",5.459213
"2021-03-16T17:15:01Z",5.459213
"2021-03-16T17:16:01Z",5.459213
"2021-03-16T17:17:01Z",5.459213
"2021-03-16T17:18:01Z",5.459213
"2021-03-16T17:19:01Z",5.459213
"2021-03-16T17:20:01Z",5.459213
"2021-03-16T17:21:01Z",5.441879
"2021-03-16T17:22:01Z",5.441879
"2021-03-16T17:23:01Z",5.441879
"2021-03-16T17:24:01Z",5.615547
"2021-03-16T17:25:01Z",5.630785
"2021-03-16T17:26:01Z",5.630785
"2021-03-16T17:27:01Z",5.630785
"2021-03-16T17:28:01Z",5.630785
"2021-03-16T17:29:01Z",5.630785
"2021-03-16T17:30:01Z",5.631222
"2021-03-16T17:31:01Z",5.714893
"2021-03-16T17:32:01Z",5.714893
"2021-03-16T17:33:01Z",5.714893
"2021-03-16T17:34:01Z",5.72012
"2021-03-16T17:35:01Z",5.72012
"2021-03-16T17:36:01Z",5.72012
"2021-03-16T17:37:01Z",5.724011
"2021-03-16T17:38:01Z",5.724011
"2021-03-16T17:39:01Z",5.724011
"2021-03-16T17:40:01Z",5.724011
"2021-03-16T17:41:01Z",5.775563
"2021-03-16T17:42:01Z",5.775563
"2021-03-16T17:43:01Z",5.601631
"2021-03-16T17:44:01Z",5.601631
"2021-03-16T17:45:01Z",5.601631
"2021-03-16T17:46:01Z",5.603787
"2021-03-16T17:47:01Z",5.603787
"2021-03-16T17:48:01Z",5.603787
"2021-03-16T17:49:01Z",5.603787
"2021-03-16T17:50:01Z",5.613528
"2021-03-16T17:51:01Z",5.613528
"2021-03-16T17:52:01Z",5.613528
"2021-03-16T17:53:01Z",5.613528
"2021-03-16T17:54:01Z",5.61777
"2021-03-16T17:55:01Z",5.61777
"2021-03-16T17:56:01Z",5.61777
"2021-03-16T17:57:01Z",5.61777
"2021-03-16T17:58:01Z",5.61777
"2021-03-16T17:59:01Z",5.61777
"2021-03-16T18:00:01Z",5.61777
"2021-03-16T18:01:01Z",5.620996
"2021-03-16T18:02:01Z",5.620996
"2021-03-16T18:03:01Z",5.620996
"2021-03-16T18:04:01Z",5.620996
"2021-03-16T18:05:01Z",5.630915
"2021-03-16T18:06:01Z",5.630915
"2021-03-16T18:07:01Z",5.630915
"2021-03-16T18:08:01Z",5.630915
"2021-03-16T18:09:01Z",5.630915
"2021-03-16T18:10:01Z",5.630915
"2021-03-16T18:11:01Z",5.632859
"2021-03-16T18:12:01Z",5.632859
"2021-03-16T18:13:01Z",5.632859
"2021-03-16T18:14:01Z",5.632859
"2021-03-16T18:15:01Z",5.632859
"2021-03-16T18:16:01Z",5.632859
"2021-03-16T18:17:01Z",5.632859
"2021-03-16T18:18:01Z",5.634371
"2021-03-16T18:19:01Z",5.634371
"2021-03-16T18:20:01Z",5.634803
"2021-03-16T18:21:01Z",5.634803
"2021-03-16T18:22:01Z",5.634803
"2021-03-16T18:23:01Z",5.634803
"2021-03-16T18:24:01Z",5.634803
"2021-03-16T18:25:01Z",5.634803
"2021-03-16T18:26:01Z",5.634803
"2021-03-16T18:27:01Z",5.634803
"2021-03-16T18:28:01Z",5.634925
"2021-03-16T18:29:01Z",5.634925
"2021-03-16T18:30:01Z",5.472487
"2021-03-16T18:31:01Z",5.472487
"2021-03-16T18:32:01Z",5.472487
"2021-03-16T18:33:01Z",5.472487
"2021-03-16T18:34:01Z",5.483082
"2021-03-16T18:35:01Z",5.5568
"2021-03-16T18:36:01Z",5.556968
"2021-03-16T18:37:01Z",5.556968
"2021-03-16T18:38:01Z",5.556968
"2021-03-16T18:39:01Z",5.557181
"2021-03-16T18:40:01Z",5.557181
"2021-03-16T18:41:01Z",5.557181
"2021-03-16T18:42:01Z",5.557181
"2021-03-16T18:43:01Z",5.557181
"2021-03-16T18:44:01Z",5.557181
"2021-03-16T18:45:01Z",5.557181
"2021-03-16T18:46:01Z",5.557407
"2021-03-16T18:47:01Z",5.55792
"2021-03-16T18:48:01Z",5.55792
"2021-03-16T18:49:01Z",5.473401
"2021-03-16T18:50:01Z",5.414319
"2021-03-16T18:51:01Z",5.414319
"2021-03-16T18:52:01Z",5.456406
"2021-03-16T18:53:01Z",5.456406
"2021-03-16T18:54:01Z",5.456406
"2021-03-16T18:55:01Z",5.457451
"2021-03-16T18:56:01Z",5.457451
"2021-03-16T18:57:01Z",5.463816
"2021-03-16T18:58:01Z",5.463816
"2021-03-16T18:59:01Z",5.463816
"2021-03-16T19:00:01Z",5.463816
"2021-03-16T19:01:01Z",5.463816
"2021-03-16T19:02:01Z",5.416458
"2021-03-16T19:03:01Z",5.416458
"2021-03-16T19:04:01Z",5.416458
"2021-03-16T19:05:01Z",5.416458
"2021-03-16T19:06:01Z",5.416458
"2021-03-16T19:07:01Z",5.416653
"2021-03-16T19:08:01Z",5.416653
"2021-03-16T19:09:01Z",5.416653
"2021-03-16T19:10:01Z",5.416653
"2021-03-16T19:11:01Z",5.416653
"2021-03-16T19:12:01Z",5.416653
"2021-03-16T19:13:01Z",5.416653
"2021-03-16T19:14:01Z",5.421609
"2021-03-16T19:15:01Z",5.4217
"2021-03-16T19:16:01Z",5.4217
"2021-03-16T19:17:01Z",5.4217
"2021-03-16T19:18:01Z",5.421987
"2021-03-16T19:19:01Z",5.421987
"2021-03-16T19:20:01Z",5.421987
"2021-03-16T19:21:01Z",5.315502
"2021-03-16T19:22:01Z",5.315502
"2021-03-16T19:23:01Z",5.315502
"2021-03-16T19:24:01Z",5.315502
"2021-03-16T19:25:01Z",5.315502
"2021-03-16T19:26:01Z",5.315502
"2021-03-16T19:27:01Z",5.315502
"2021-03-16T19:28:01Z",5.315502
"2021-03-16T19:29:01Z",5.315502
"2021-03-16T19:30:01Z",5.315502
"2021-03-16T19:31:01Z",5.319641
"2021-03-16T19:32:01Z",5.319641
"2021-03-16T19:33:01Z",5.319641
"2021-03-16T19:34:01Z",5.319641
"2021-03-16T19:35:01Z",5.320189
"2021-03-16T19:36:01Z",5.320979
"2021-03-16T19:37:01Z",5.325887
"2021-03-16T19:38:01Z",5.325887
"2021-03-16T19:39:01Z",5.325887
"2021-03-16T19:40:01Z",5.326107
"2021-03-16T19:41:01Z",5.337186
"2021-03-16T19:42:01Z",5.337186
"2021-03-16T19:43:01Z",5.337186
"2021-03-16T19:44:01Z",5.337186
"2021-03-16T19:45:01Z",5.337186
"2021-03-16T19:46:01Z",5.337186
"2021-03-16T19:47:01Z",5.337186
"2021-03-16T19:48:01Z",5.337186
"2021-03-16T19:49:01Z",5.337186
"2021-03-16T19:50:01Z",5.337186
"2021-03-16T19:51:01Z",5.240584
"2021-03-16T19:52:01Z",5.240584
"2021-03-16T19:53:01Z",5.240584
"2021-03-16T19:54:01Z",5.240584
"2021-03-16T19:55:01Z",5.240839
"2021-03-16T19:56:01Z",5.240839
"2021-03-16T19:57:01Z",5.240839
"2021-03-16T19:58:01Z",5.248436
"2021-03-16T19:59:01Z",5.248436
"2021-03-16T20:00:01Z",5.251945
"2021-03-16T20:01:01Z",5.251945
"2021-03-16T20:02:01Z",5.254489
"2021-03-16T20:03:01Z",5.254489
"2021-03-16T20:04:01Z",5.254489
"2021-03-16T20:05:01Z",5.254489
"2021-03-16T20:06:01Z",5.254489
"2021-03-16T20:07:01Z",5.278772
"2021-03-16T20:08:01Z",5.278772
"2021-03-16T20:09:01Z",5.278772
"2021-03-16T20:10:01Z",5.278994
"2021-03-16T20:11:01Z",5.314006
"2021-03-16T20:12:01Z",5.314006
"2021-03-16T20:13:01Z",5.314006
"2021-03-16T20:14:01Z",5.314486
"2021-03-16T20:15:01Z",5.314486
"2021-03-16T20:16:01Z",5.314486
"2021-03-16T20:17:01Z",5.314486
"2021-03-16T20:18:01Z",5.314486
"2021-03-16T20:19:01Z",5.314486
"2021-03-16T20:20:01Z",5.314863
"2021-03-16T20:21:01Z",5.314863
"2021-03-16T20:22:01Z",5.21622
"2021-03-16T20:23:01Z",5.21622
"2021-03-16T20:24:01Z",5.21622
"2021-03-16T20:25:01Z",5.216423
"2021-03-16T20:26:01Z",5.236805
"2021-03-16T20:27:01Z",5.237927
"2021-03-16T20:28:01Z",5.245552
"2021-03-16T20:29:01Z",5.245552
"2021-03-16T20:30:01Z",5.245552
"2021-03-16T20:31:01Z",5.249867
"2021-03-16T20:32:01Z",5.249867
"2021-03-16T20:33:01Z",5.249867
"2021-03-16T20:34:01Z",5.356381
"2021-03-16T20:35:01Z",5.356381
"2021-03-16T20:36:01Z",5.356381
"2021-03-16T20:37:01Z",5.363826
"2021-03-16T20:38:01Z",5.364715
"2021-03-16T20:39:01Z",5.364715
"2021-03-16T20:40:01Z",5.36608
"2021-03-16T20:41:01Z",5.36608
"2021-03-16T20:42:01Z",5.377116
"2021-03-16T20:43:01Z",5.377478
"2021-03-16T20:44:01Z",5.377478
"2021-03-16T20:45:01Z",5.413619
"2021-03-16T20:46:01Z",5.413619
"2021-03-16T20:47:01Z",5.413619
"2021-03-16T20:48:01Z",5.413619
"2021-03-16T20:49:01Z",5.413619
"2021-03-16T20:50:01Z",5.413619
"2021-03-16T20:51:01Z",5.513706
"2021-03-16T20:52:01Z",5.406319
"2021-03-16T20:53:01Z",5.408758
"2021-03-16T20:54:01Z",5.408758
"2021-03-16T20:55:01Z",5.408758
"2021-03-16T20:56:01Z",5.408758
"2021-03-16T20:57:01Z",5.408758
"2021-03-16T20:58:01Z",5.431199
"2021-03-16T20:59:01Z",5.442434
"2021-03-16T21:00:01Z",5.442434
"2021-03-16T21:01:01Z",5.442434
"2021-03-16T21:02:01Z",5.442434
"2021-03-16T21:03:01Z",5.442434
"2021-03-16T21:04:01Z",5.442434
"2021-03-16T21:05:01Z",5.442434
"2021-03-16T21:06:01Z",5.442434
"2021-03-16T21:07:01Z",5.442434
"2021-03-16T21:08:01Z",5.54547
"2021-03-16T21:09:01Z",5.54547
"2021-03-16T21:10:01Z",5.54547
"2021-03-16T21:11:01Z",5.508996
"2021-03-16T21:12:01Z",5.508996
"2021-03-16T21:13:01Z",5.508996
"2021-03-16T21:14:01Z",5.508996
"2021-03-16T21:15:01Z",5.509234
"2021-03-16T21:16:01Z",5.531117
"2021-03-16T21:17:01Z",5.535249
"2021-03-16T21:18:01Z",5.540441
"2021-03-16T21:19:01Z",5.540441
"2021-03-16T21:20:01Z",5.540645
"2021-03-16T21:21:01Z",5.540645
"2021-03-16T21:22:01Z",5.540645
"2021-03-16T21:23:01Z",5.438672
"2021-03-16T21:24:01Z",5.438672
"2021-03-16T21:25:01Z",5.438672
"2021-03-16T21:26:01Z",5.438903
"2021-03-16T21:27:01Z",5.438903
"2021-03-16T21:28:01Z",5.462873
"2021-03-16T21:29:01Z",5.47058
"2021-03-16T21:30:01Z",5.471603
"2021-03-16T21:31:01Z",5.471603
"2021-03-16T21:32:01Z",5.471603
"2021-03-16T21:33:01Z",5.471603
"2021-03-16T21:34:01Z",5.471603
"2021-03-16T21:35:01Z",5.471603
"2021-03-16T21:36:01Z",5.471603
"2021-03-16T21:37:01Z",5.471603
"2021-03-16T21:38:01Z",5.471603
"2021-03-16T21:39:01Z",5.471603
"2021-03-16T21:40:01Z",5.482666
"2021-03-16T21:41:01Z",5.482666
"2021-03-16T21:42:01Z",5.519325
"2021-03-16T21:43:01Z",5.519325
"2021-03-16T21:44:01Z",5.560362
"2021-03-16T21:45:01Z",5.560362
"2021-03-16T21:46:01Z",5.560362
"2021-03-16T21:47:01Z",5.560362
"2021-03-16T21:48:01Z",5.560362
"2021-03-16T21:49:01Z",5.562198
"2021-03-16T21:50:01Z",5.562198
"2021-03-16T21:51:01Z",5.562198
"2021-03-16T21:52:01Z",5.562198
"2021-03-16T21:53:01Z",5.562932
"2021-03-16T21:54:01Z",5.468947
"2021-03-16T21:55:01Z",5.4713
"2021-03-16T21:56:01Z",5.4713
"2021-03-16T21:57:01Z",5.4713
"2021-03-16T21:58:01Z",5.472413
"2021-03-16T21:59:01Z",5.472692
"2021-03-16T22:00:01Z",5.472692
"2021-03-16T22:01:01Z",5.472692
"2021-03-16T22:02:01Z",5.473807
"2021-03-16T22:03:01Z",5.473807
"2021-03-16T22:04:01Z",5.473807
"2021-03-16T22:05:01Z",5.474364
"2021-03-16T22:06:01Z",5.474364
"2021-03-16T22:07:01Z",5.474364
"2021-03-16T22:08:01Z",5.474364
"2021-03-16T22:09:01Z",5.474811
"2021-03-16T22:10:01Z",5.474811
"2021-03-16T22:11:01Z",5.474811
"2021-03-16T22:12:01Z",5.474811
"2021-03-16T22:13:01Z",5.474811
"2021-03-16T22:14:01Z",5.474811
"2021-03-16T22:15:01Z",5.515609
"2021-03-16T22:16:01Z",5.515609
"2021-03-16T22:17:01Z",5.515609
"2021-03-16T22:18:01Z",5.515609
"2021-03-16T22:19:01Z",5.515609
"2021-03-16T22:20:01Z",5.516172
"2021-03-16T22:21:01Z",5.516172
"2021-03-16T22:22:01Z",5.517236
"2021-03-16T22:23:01Z",5.517236
"2021-03-16T22:24:01Z",5.404742
"2021-03-16T22:25:01Z",5.404871
"2021-03-16T22:26:01Z",5.405843
"2021-03-16T22:27:01Z",5.405843
"2021-03-16T22:28:01Z",5.405843
"2021-03-16T22:29:01Z",5.405843
"2021-03-16T22:30:01Z",5.408362
"2021-03-16T22:31:01Z",5.419284
"2021-03-16T22:32:01Z",5.419284
"2021-03-16T22:33:01Z",5.420039
"2021-03-16T22:34:01Z",5.425085
"2021-03-16T22:35:01Z",5.429761
"2021-03-16T22:36:01Z",5.429761
"2021-03-16T22:37:01Z",5.432613
"2021-03-16T22:38:01Z",5.441065
"2021-03-16T22:39:01Z",5.441065
"2021-03-16T22:40:01Z",5.441065
"2021-03-16T22:41:01Z",5.445458
"2021-03-16T22:42:01Z",5.460759
"2021-03-16T22:43:01Z",5.463274
"2021-03-16T22:44:01Z",5.463274
"2021-03-16T22:45:01Z",5.464892
"2021-03-16T22:46:01Z",5.482
"2021-03-16T22:47:01Z",5.459041
"2021-03-16T22:48:01Z",5.459041
"2021-03-16T22:49:01Z",5.46331
"2021-03-16T22:50:01Z",5.467316
"2021-03-16T22:51:01Z",5.483455
"2021-03-16T22:52:01Z",5.483455
"2021-03-16T22:53:01Z",5.483455
"2021-03-16T22:54:01Z",5.483455
"2021-03-16T22:55:01Z",5.483455
"2021-03-16T22:56:01Z",5.4615
"2021-03-16T22:57:01Z",5.4615
"2021-03-16T22:58:01Z",5.4615
"2021-03-16T22:59:01Z",5.461577
"2021-03-16T23:00:01Z",5.467478
"2021-03-16T23:01:01Z",5.467478
"2021-03-16T23:02:01Z",5.468579
"2021-03-16T23:03:01Z",5.473374
"2021-03-16T23:04:01Z",5.473374
"2021-03-16T23:05:01Z",5.473374
"2021-03-16T23:06:01Z",5.473374
"2021-03-16T23:07:01Z",5.513566
"2021-03-16T23:08:01Z",5.513566
"2021-03-16T23:09:01Z",5.513566
"2021-03-16T23:10:01Z",5.513566
"2021-03-16T23:11:01Z",5.53436
"2021-03-16T23:12:01Z",5.53436
"2021-03-16T23:13:01Z",5.53436
"2021-03-16T23:14:01Z",5.549061
"2021-03-16T23:15:01Z",5.549646
"2021-03-16T23:16:01Z",5.549646
"2021-03-16T23:17:01Z",5.549646
"2021-03-16T23:18:01Z",5.549646
"2021-03-16T23:19:01Z",5.553591
"2021-03-16T23:20:01Z",5.553591
"2021-03-16T23:21:01Z",5.553591
"2021-03-16T23:22:01Z",5.553591
"2021-03-16T23:23:01Z",5.557036
"2021-03-16T23:24:01Z",5.557036
"2021-03-16T23:25:01Z",5.557036
"2021-03-16T23:26:01Z",5.461759
"2021-03-16T23:27:01Z",5.461759
"2021-03-16T23:28:01Z",5.461759
"2021-03-16T23:29:01Z",5.246777
"2021-03-16T23:30:01Z",5.246777
"2021-03-16T23:31:01Z",5.304657
"2021-03-16T23:32:01Z",5.304657
"2021-03-16T23:33:01Z",5.30803
"2021-03-16T23:34:01Z",5.308208
"2021-03-16T23:35:01Z",5.308208
"2021-03-16T23:36:01Z",5.312172
"2021-03-16T23:37:01Z",5.324089
"2021-03-16T23:38:01Z",5.325676
"2021-03-16T23:39:01Z",5.325676
"2021-03-16T23:40:01Z",5.325926
"2021-03-16T23:41:01Z",5.336234
"2021-03-16T23:42:01Z",5.348898
"2021-03-16T23:43:01Z",5.398626
"2021-03-16T23:44:01Z",5.409671
"2021-03-16T23:45:01Z",5.509784
"2021-03-16T23:46:01Z",5.509784
"2021-03-16T23:47:01Z",5.510084
"2021-03-16T23:48:01Z",5.510084
"2021-03-16T23:49:01Z",5.510084
"2021-03-16T23:50:01Z",5.510084
"2021-03-16T23:51:01Z",5.510084
"2021-03-16T23:52:01Z",5.510084
"2021-03-16T23:53:01Z",5.510803
"2021-03-16T23:54:01Z",5.510803
"2021-03-16T23:55:01Z",5.510803
"2021-03-16T23:56:01Z",5.510803
"2021-03-16T23:57:01Z",5.438373
"2021-03-16T23:58:01Z",5.438373
"2021-03-16T23:59:01Z",5.438373
"2021-03-17T00:00:01Z",5.438373
"2021-03-17T00:01:01Z",5.444005
"2021-03-17T00:02:01Z",5.444005
"2021-03-17T00:03:01Z",5.444005
"2021-03-17T00:04:01Z",5.444005
"2021-03-17T00:05:01Z",5.444005
"2021-03-17T00:06:01Z",5.444005
"2021-03-17T00:07:01Z",5.451108
"2021-03-17T00:08:01Z",5.451108
"2021-03-17T00:09:01Z",5.451108
"2021-03-17T00:10:01Z",5.451108
"2021-03-17T00:11:01Z",5.451108
"2021-03-17T00:12:01Z",5.451108
"2021-03-17T00:13:01Z",5.453165
"2021-03-17T00:14:01Z",5.453165
"2021-03-17T00:15:01Z",5.453165
"2021-03-17T00:16:01Z",5.453165
"2021-03-17T00:17:01Z",5.4087
"2021-03-17T00:18:01Z",5.408685
"2021-03-17T00:19:01Z",5.408685
"2021-03-17T00:20:01Z",5.408685
"2021-03-17T00:21:01Z",5.408685
"2021-03-17T00:22:01Z",5.408685
"2021-03-17T00:23:01Z",5.408793
"2021-03-17T00:24:01Z",5.408793
"2021-03-17T00:25:01Z",5.408793
"2021-03-17T00:26:01Z",5.408793
"2021-03-17T00:27:01Z",5.408793
"2021-03-17T00:28:01Z",5.377753
"2021-03-17T00:29:01Z",5.377753
"2021-03-17T00:30:01Z",5.377753
"2021-03-17T00:31:01Z",5.377753
"2021-03-17T00:32:01Z",5.377753
"2021-03-17T00:33:01Z",5.377753
"2021-03-17T00:34:01Z",5.377753
"2021-03-17T00:35:01Z",5.377753
"2021-03-17T00:36:01Z",5.389624
"2021-03-17T00:37:01Z",5.389624
"2021-03-17T00:38:01Z",5.389624
"2021-03-17T00:39:01Z",5.389624
"2021-03-17T00:40:01Z",5.389624
"2021-03-17T00:41:01Z",5.389624
"2021-03-17T00:42:01Z",5.389624
"2021-03-17T00:43:01Z",5.389624
"2021-03-17T00:44:01Z",5.389624
"2021-03-17T00:45:01Z",5.399247
"2021-03-17T00:46:01Z",5.407184
"2021-03-17T00:47:01Z",5.407184
"2021-03-17T00:48:01Z",5.407184
"2021-03-17T00:49:01Z",5.417046
"2021-03-17T00:50:01Z",5.417745
"2021-03-17T00:51:01Z",5.428824
"2021-03-17T00:52:01Z",5.428824
"2021-03-17T00:53:01Z",5.428824
"2021-03-17T00:54:01Z",5.428824
"2021-03-17T00:55:01Z",5.428824
"2021-03-17T00:56:01Z",5.429029
"2021-03-17T00:57:01Z",5.429029
"2021-03-17T00:58:01Z",5.429029
"2021-03-17T00:59:01Z",5.332952
"2021-03-17T01:00:01Z",5.336922
"2021-03-17T01:01:01Z",5.336922
"2021-03-17T01:02:01Z",5.336922
"2021-03-17T01:03:01Z",5.336922
"2021-03-17T01:04:01Z",5.337742
"2021-03-17T01:05:01Z",5.338704
"2021-03-17T01:06:01Z",5.338704
"2021-03-17T01:07:01Z",5.339072
"2021-03-17T01:08:01Z",5.34309
"2021-03-17T01:09:01Z",5.34309
"2021-03-17T01:10:01Z",5.353058
"2021-03-17T01:11:01Z",5.353058
"2021-03-17T01:12:01Z",5.370761
"2021-03-17T01:13:01Z",5.370761
"2021-03-17T01:14:01Z",5.370761
"2021-03-17T01:15:01Z",5.37776
"2021-03-17T01:16:01Z",5.37776
"2021-03-17T01:17:01Z",5.37776
"2021-03-17T01:18:01Z",5.38091
"2021-03-17T01:19:01Z",5.38091
"2021-03-17T01:20:01Z",5.38091
"2021-03-17T01:21:01Z",5.38091
"2021-03-17T01:22:01Z",5.378037
"2021-03-17T01:23:01Z",5.378037
"2021-03-17T01:24:01Z",5.378296
"2021-03-17T01:25:01Z",5.378296
"2021-03-17T01:26:01Z",5.378296
"2021-03-17T01:27:01Z",5.378296
"2021-03-17T01:28:01Z",5.378296
"2021-03-17T01:29:01Z",5.378296
"2021-03-17T01:30:01Z",5.289517
"2021-03-17T01:31:01Z",5.289517
"2021-03-17T01:32:01Z",5.300955
"2021-03-17T01:33:01Z",5.300955
"2021-03-17T01:34:01Z",5.300955
"2021-03-17T01:35:01Z",5.300955
"2021-03-17T01:36:01Z",5.300955
"2021-03-17T01:37:01Z",5.300955
"2021-03-17T01:38:01Z",5.300955
"2021-03-17T01:39:01Z",5.300955
"2021-03-17T01:40:01Z",5.300955
"2021-03-17T01:41:01Z",5.300955
"2021-03-17T01:42:01Z",5.300955
"2021-03-17T01:43:01Z",5.363311
"2021-03-17T01:44:01Z",5.363311
"2021-03-17T01:45:01Z",5.363311
"2021-03-17T01:46:01Z",5.363311
"2021-03-17T01:47:01Z",5.398308
"2021-03-17T01:48:01Z",5.398308
"2021-03-17T01:49:01Z",5.398308
"2021-03-17T01:50:01Z",5.398308
"2021-03-17T01:51:01Z",5.400233
"2021-03-17T01:52:01Z",5.400233
"2021-03-17T01:53:01Z",5.400233
"2021-03-17T01:54:01Z",5.398786
"2021-03-17T01:55:01Z",5.398786
"2021-03-17T01:56:01Z",5.402644
"2021-03-17T01:57:01Z",5.269789
"2021-03-17T01:58:01Z",5.187096
"2021-03-17T01:59:01Z",5.318324
"2021-03-17T02:00:01Z",5.314967
"2021-03-17T02:01:01Z",5.314967
"2021-03-17T02:02:01Z",5.314967
"2021-03-17T02:03:01Z",5.314967
"2021-03-17T02:04:01Z",5.314967
"2021-03-17T02:05:01Z",5.355784
"2021-03-17T02:06:01Z",5.355784
"2021-03-17T02:07:01Z",5.362712
"2021-03-17T02:08:01Z",5.364445
"2021-03-17T02:09:01Z",5.405421
"2021-03-17T02:10:01Z",5.405421
"2021-03-17T02:11:01Z",5.422765
"2021-03-17T02:12:01Z",5.42702
"2021-03-17T02:13:01Z",5.42702
"2021-03-17T02:14:01Z",5.42702
"2021-03-17T02:15:01Z",5.42702
"2021-03-17T02:16:01Z",5.42702
"2021-03-17T02:17:01Z",5.42702
"2021-03-17T02:18:01Z",5.429793
"2021-03-17T02:19:01Z",5.473771
"2021-03-17T02:20:01Z",5.480037
"2021-03-17T02:21:01Z",5.480037
"2021-03-17T02:22:01Z",5.488558
"2021-03-17T02:23:01Z",5.492499
"2021-03-17T02:24:01Z",5.492499
"2021-03-17T02:25:01Z",5.492499
"2021-03-17T02:26:01Z",5.492499
"2021-03-17T02:27:01Z",5.51054
"2021-03-17T02:28:01Z",5.530234
"2021-03-17T02:29:01Z",5.541308
"2021-03-17T02:30:01Z",5.603784
"2021-03-17T02:31:01Z",5.498831
"2021-03-17T02:32:01Z",5.498831
"2021-03-17T02:33:01Z",5.499739
"2021-03-17T02:34:01Z",5.499739
"2021-03-17T02:35:01Z",5.505018
"2021-03-17T02:36:01Z",5.489117
"2021-03-17T02:37:01Z",5.492578
"2021-03-17T02:38:01Z",5.512205
"2021-03-17T02:39:01Z",5.514109
"2021-03-17T02:40:01Z",5.514109
"2021-03-17T02:41:01Z",5.514109
"2021-03-17T02:42:01Z",5.516536
"2021-03-17T02:43:01Z",5.516536
"2021-03-17T02:44:01Z",5.516536
"2021-03-17T02:45:01Z",5.549941
"2021-03-17T02:46:01Z",5.549941
"2021-03-17T02:47:01Z",5.549941
"2021-03-17T02:48:01Z",5.549941
"2021-03-17T02:49:01Z",5.55384
"2021-03-17T02:50:01Z",5.55384
"2021-03-17T02:51:01Z",5.59041
"2021-03-17T02:52:01Z",5.59041
"2021-03-17T02:53:01Z",5.59041
"2021-03-17T02:54:01Z",5.590769
"2021-03-17T02:55:01Z",5.590769
"2021-03-17T02:56:01Z",5.598436
"2021-03-17T02:57:01Z",5.602375
"2021-03-17T02:58:01Z",5.602375
"2021-03-17T02:59:01Z",5.602375
"2021-03-17T03:00:01Z",5.399251
"2021-03-17T03:01:01Z",5.539656
"2021-03-17T03:02:01Z",5.536184
"2021-03-17T03:03:01Z",5.544036
"2021-03-17T03:04:01Z",5.544036
"2021-03-17T03:05:01Z",5.55363
"2021-03-17T03:06:01Z",5.557309
"2021-03-17T03:07:01Z",5.56219
"2021-03-17T03:08:01Z",5.56219
"2021-03-17T03:09:01Z",5.579353
"2021-03-17T03:10:01Z",5.579353
"2021-03-17T03:11:01Z",5.579353
"2021-03-17T03:12:01Z",5.579353
"2021-03-17T03:13:01Z",5.579353
"2021-03-17T03:14:01Z",5.581322
"2021-03-17T03:15:01Z",5.581322
"2021-03-17T03:16:01Z",5.581322
"2021-03-17T03:17:01Z",5.581322
"2021-03-17T03:18:01Z",5.581719
"2021-03-17T03:19:01Z",5.581719
"2021-03-17T03:20:01Z",5.60568
"2021-03-17T03:21:01Z",5.626279
"2021-03-17T03:22:01Z",5.626279
"2021-03-17T03:23:01Z",5.631278
"2021-03-17T03:24:01Z",5.631278
"2021-03-17T03:25:01Z",5.631278
"2021-03-17T03:26:01Z",5.634243
"2021-03-17T03:27:01Z",5.655897
"2021-03-17T03:28:01Z",5.655897
"2021-03-17T03:29:01Z",5.659542
"2021-03-17T03:30:01Z",5.659542
"2021-03-17T03:31:01Z",5.665483
"2021-03-17T03:32:01Z",5.665483
"2021-03-17T03:33:01Z",5.576798
"2021-03-17T03:34:01Z",5.618121
"2021-03-17T03:35:01Z",5.637815
"2021-03-17T03:36:01Z",5.637815
"2021-03-17T03:37:01Z",5.644042
"2021-03-17T03:38:01Z",5.644042
"2021-03-17T03:39:01Z",5.649925
"2021-03-17T03:40:01Z",5.649925
"2021-03-17T03:41:01Z",5.68214
"2021-03-17T03:42:01Z",5.68214
"2021-03-17T03:43:01Z",5.68214
"2021-03-17T03:44:01Z",5.68214
"2021-03-17T03:45:01Z",5.710116
"2021-03-17T03:46:01Z",5.712239
"2021-03-17T03:47:01Z",5.712239
"2021-03-17T03:48:01Z",5.6588
"2021-03-17T03:49:01Z",5.668652
"2021-03-17T03:50:01Z",5.668652
"2021-03-17T03:51:01Z",5.668652
"2021-03-17T03:52:01Z",5.668652
"2021-03-17T03:53:01Z",5.68002
"2021-03-17T03:54:01Z",5.68058
"2021-03-17T03:55:01Z",5.680805
"2021-03-17T03:56:01Z",5.681805
"2021-03-17T03:57:01Z",5.681805
"2021-03-17T03:58:01Z",5.681805
"2021-03-17T03:59:01Z",5.681805
"2021-03-17T04:00:01Z",5.681816
"2021-03-17T04:01:01Z",5.681816
"2021-03-17T04:02:01Z",5.681816
"2021-03-17T04:03:01Z",5.681816
"2021-03-17T04:04:01Z",5.681816
"2021-03-17T04:05:01Z",5.681816
"2021-03-17T04:06:01Z",5.681816
"2021-03-17T04:07:01Z",5.681816
"2021-03-17T04:08:01Z",5.688738
"2021-03-17T04:09:01Z",5.689834
"2021-03-17T04:10:01Z",5.689834
"2021-03-17T04:11:01Z",5.689834
"2021-03-17T04:12:01Z",5.689834
"2021-03-17T04:13:01Z",5.693053
"2021-03-17T04:14:01Z",5.693053
"2021-03-17T04:15:01Z",5.693053
"2021-03-17T04:16:01Z",5.693053
"2021-03-17T04:17:01Z",5.693053
"2021-03-17T04:18:01Z",5.758752
"2021-03-17T04:19:01Z",5.758752
"2021-03-17T04:20:01Z",5.758752
"2021-03-17T04:21:01Z",5.765888
"2021-03-17T04:22:01Z",5.81668
"2021-03-17T04:23:01Z",5.753311
"2021-03-17T04:24:01Z",5.754453
"2021-03-17T04:25:01Z",5.757234
"2021-03-17T04:26:01Z",5.761182
"2021-03-17T04:27:01Z",5.761377
"2021-03-17T04:28:01Z",5.761377
"2021-03-17T04:29:01Z",5.761377
"2021-03-17T04:30:01Z",5.761377
"2021-03-17T04:31:01Z",5.761377
"2021-03-17T04:32:01Z",5.801669
"2021-03-17T04:33:01Z",5.801669
"2021-03-17T04:34:01Z",5.801669
"2021-03-17T04:35:01Z",5.801669
"2021-03-17T04:36:01Z",5.805649
"2021-03-17T04:37:01Z",5.808614
"2021-03-17T04:38:01Z",5.80977
"2021-03-17T04:39:01Z",5.80977
"2021-03-17T04:40:01Z",5.799425
"2021-03-17T04:41:01Z",5.621103
"2021-03-17T04:42:01Z",5.624525
"2021-03-17T04:43:01Z",5.624525
"2021-03-17T04:44:01Z",5.624525
"2021-03-17T04:45:01Z",5.624525
"2021-03-17T04:46:01Z",5.651903
"2021-03-17T04:47:01Z",5.651903
"2021-03-17T04:48:01Z",5.651903
"2021-03-17T04:49:01Z",5.651903
"2021-03-17T04:50:01Z",5.631345
"2021-03-17T04:51:01Z",5.631345
"2021-03-17T04:52:01Z",5.631345
"2021-03-17T04:53:01Z",5.631345
"2021-03-17T04:54:01Z",5.650905
"2021-03-17T04:55:01Z",5.655506
"2021-03-17T04:56:01Z",5.664294
"2021-03-17T04:57:01Z",5.685904
"2021-03-17T04:58:01Z",5.685904
"2021-03-17T04:59:01Z",5.685904
"2021-03-17T05:00:01Z",5.685904
"2021-03-17T05:01:01Z",5.685904
"2021-03-17T05:02:01Z",5.685904
"2021-03-17T05:03:01Z",5.685904
"2021-03-17T05:04:01Z",5.685904
"2021-03-17T05:05:01Z",5.695307
"2021-03-17T05:06:01Z",5.695307
"2021-03-17T05:07:01Z",5.695307
"2021-03-17T05:08:01Z",5.62361
"2021-03-17T05:09:01Z",5.62361
"2021-03-17T05:10:01Z",5.648868
"2021-03-17T05:11:01Z",5.634208
"2021-03-17T05:12:01Z",5.634208
"2021-03-17T05:13:01Z",5.634208
"2021-03-17T05:14:01Z",5.634208
"2021-03-17T05:15:01Z",5.634208
"2021-03-17T05:16:01Z",5.640755
"2021-03-17T05:17:01Z",5.640755
"2021-03-17T05:18:01Z",5.630906
"2021-03-17T05:19:01Z",5.630906
"2021-03-17T05:20:01Z",5.630906
"2021-03-17T05:21:01Z",5.630906
"2021-03-17T05:22:01Z",5.630906
"2021-03-17T05:23:01Z",5.645781
"2021-03-17T05:24:01Z",5.645781
"2021-03-17T05:25:01Z",5.645781
"2021-03-17T05:26:01Z",5.645781
"2021-03-17T05:27:01Z",5.645781
"2021-03-17T05:28:01Z",5.653461
"2021-03-17T05:29:01Z",5.653461
"2021-03-17T05:30:01Z",5.653461
"2021-03-17T05:31:01Z",5.672995
"2021-03-17T05:32:01Z",5.708203
"2021-03-17T05:33:01Z",5.708203
"2021-03-17T05:34:01Z",5.708203
"2021-03-17T05:35:01Z",5.708203
"2021-03-17T05:36:01Z",5.708203
"2021-03-17T05:37:01Z",5.708203
"2021-03-17T05:38:01Z",5.708203
"2021-03-17T05:39:01Z",5.708203
"2021-03-17T05:40:01Z",5.708203
"2021-03-17T05:41:01Z",5.708203
"2021-03-17T05:42:01Z",5.708203
"2021-03-17T05:43:01Z",5.708851
"2021-03-17T05:44:01Z",5.726157
"2021-03-17T05:45:01Z",5.726157
"2021-03-17T05:46:01Z",5.742153
"2021-03-17T05:47:01Z",5.742153
"2021-03-17T05:48:01Z",5.742254
"2021-03-17T05:49:01Z",5.74815
"2021-03-17T05:50:01Z",5.74815
"2021-03-17T05:51:01Z",5.650806
"2021-03-17T05:52:01Z",5.650806
"2021-03-17T05:53:01Z",5.67098
"2021-03-17T05:54:01Z",5.67098
"2021-03-17T05:55:01Z",5.67098
"2021-03-17T05:56:01Z",5.674878
"2021-03-17T05:57:01Z",5.67521
"2021-03-17T05:58:01Z",5.678632
"2021-03-17T05:59:01Z",5.698142
"2021-03-17T06:00:01Z",5.698628
"2021-03-17T06:01:01Z",5.698628
"2021-03-17T06:02:01Z",5.703324
"2021-03-17T06:03:01Z",5.703324
"2021-03-17T06:04:01Z",5.703324
"2021-03-17T06:05:01Z",5.705381
"2021-03-17T06:06:01Z",5.706326
"2021-03-17T06:07:01Z",5.708039
"2021-03-17T06:08:01Z",5.711266
"2021-03-17T06:09:01Z",5.711266
"2021-03-17T06:10:01Z",5.711266
"2021-03-17T06:11:01Z",5.711266
"2021-03-17T06:12:01Z",5.642013
"2021-03-17T06:13:01Z",5.642013
"2021-03-17T06:14:01Z",5.642013
"2021-03-17T06:15:01Z",5.642013
"2021-03-17T06:16:01Z",5.648092
"2021-03-17T06:17:01Z",5.648092
"2021-03-17T06:18:01Z",5.648579
"2021-03-17T06:19:01Z",5.648579
"2021-03-17T06:20:01Z",5.648579
"2021-03-17T06:21:01Z",5.648579
"2021-03-17T06:22:01Z",5.648779
"2021-03-17T06:23:01Z",5.652242
"2021-03-17T06:24:01Z",5.652242
"2021-03-17T06:25:01Z",5.652242
"2021-03-17T06:26:01Z",5.691059
"2021-03-17T06:27:01Z",5.691059
"2021-03-17T06:28:01Z",5.691059
"2021-03-17T06:29:01Z",5.691059
"2021-03-17T06:30:01Z",5.691059
"2021-03-17T06:31:01Z",5.691059
"2021-03-17T06:32:01Z",5.691059
"2021-03-17T06:33:01Z",5.691059
"2021-03-17T06:34:01Z",5.69472
"2021-03-17T06:35:01Z",5.669601
"2021-03-17T06:36:01Z",5.669601
"2021-03-17T06:37:01Z",5.669601
"2021-03-17T06:38:01Z",5.669601
"2021-03-17T06:39:01Z",5.669601
"2021-03-17T06:40:01Z",5.669601
"2021-03-17T06:41:01Z",5.670702
"2021-03-17T06:42:01Z",5.579528
"2021-03-17T06:43:01Z",5.583388
"2021-03-17T06:44:01Z",5.583388
"2021-03-17T06:45:01Z",5.583388
"2021-03-17T06:46:01Z",5.595036
"2021-03-17T06:47:01Z",5.595036
"2021-03-17T06:48:01Z",5.595036
"2021-03-17T06:49:01Z",5.598893
"2021-03-17T06:50:01Z",5.604125
"2021-03-17T06:51:01Z",5.602511
"2021-03-17T06:52:01Z",5.602511
"2021-03-17T06:53:01Z",5.602511
"2021-03-17T06:54:01Z",5.602511
"2021-03-17T06:55:01Z",5.602511
"2021-03-17T06:56:01Z",5.602511
"2021-03-17T06:57:01Z",5.602511
"2021-03-17T06:58:01Z",5.602511
"2021-03-17T06:59:01Z",5.602511
"2021-03-17T07:00:01Z",5.602511
"2021-03-17T07:01:01Z",5.602511
"2021-03-17T07:02:01Z",5.602511
"2021-03-17T07:03:01Z",5.606115
"2021-03-17T07:04:01Z",5.608123
"2021-03-17T07:05:01Z",5.608123
"2021-03-17T07:06:01Z",5.608123
"2021-03-17T07:07:01Z",5.608123
"2021-03-17T07:08:01Z",5.608123
"2021-03-17T07:09:01Z",5.60112
"2021-03-17T07:10:01Z",5.610173
"2021-03-17T07:11:01Z",5.610173
"2021-03-17T07:12:01Z",5.515331
"2021-03-17T07:13:01Z",5.546335
"2021-03-17T07:14:01Z",5.546335
"2021-03-17T07:15:01Z",5.546431
"2021-03-17T07:16:01Z",5.550251
"2021-03-17T07:17:01Z",5.550251
"2021-03-17T07:18:01Z",5.550251
"2021-03-17T07:19:01Z",5.550251
"2021-03-17T07:20:01Z",5.550251
"2021-03-17T07:21:01Z",5.550251
"2021-03-17T07:22:01Z",5.550251
"2021-03-17T07:23:01Z",5.551438
"2021-03-17T07:24:01Z",5.553125
"2021-03-17T07:25:01Z",5.553125
"2021-03-17T07:26:01Z",5.553125
"2021-03-17T07:27:01Z",5.553125
"2021-03-17T07:28:01Z",5.553125
"2021-03-17T07:29:01Z",5.543515
"2021-03-17T07:30:01Z",5.436231
"2021-03-17T07:31:01Z",5.448273
"2021-03-17T07:32:01Z",5.448273
"2021-03-17T07:33:01Z",5.457747
"2021-03-17T07:34:01Z",5.457747
"2021-03-17T07:35:01Z",5.457747
"2021-03-17T07:36:01Z",5.457747
"2021-03-17T07:37:01Z",5.458699
"2021-03-17T07:38:01Z",5.458699
"2021-03-17T07:39:01Z",5.458699
"2021-03-17T07:40:01Z",5.477717
"2021-03-17T07:41:01Z",5.469626
"2021-03-17T07:42:01Z",5.469626
"2021-03-17T07:43:01Z",5.469626
"2021-03-17T07:44:01Z",5.380718
"2021-03-17T07:45:01Z",5.380718
"2021-03-17T07:46:01Z",5.380718
"2021-03-17T07:47:01Z",5.380718
"2021-03-17T07:48:01Z",5.380718
"2021-03-17T07:49:01Z",5.382419
"2021-03-17T07:50:01Z",5.385779
"2021-03-17T07:51:01Z",5.385779
"2021-03-17T07:52:01Z",5.385779
"2021-03-17T07:53:01Z",5.385779
"2021-03-17T07:54:01Z",5.385779
"2021-03-17T07:55:01Z",5.385779
"2021-03-17T07:56:01Z",5.385779
"2021-03-17T07:57:01Z",5.385779
"2021-03-17T07:58:01Z",5.385779
"2021-03-17T07:59:01Z",5.385779
"2021-03-17T08:00:01Z",5.385779
"2021-03-17T08:01:01Z",5.385779
"2021-03-17T08:02:01Z",5.385779
"2021-03-17T08:03:01Z",5.385779
"2021-03-17T08:04:01Z",5.39265
"2021-03-17T08:05:01Z",5.39349
"2021-03-17T08:06:01Z",5.448385
"2021-03-17T08:07:01Z",5.448385
"2021-03-17T08:08:01Z",5.453961
"2021-03-17T08:09:01Z",5.46364
"2021-03-17T08:10:01Z",5.473112
"2021-03-17T08:11:01Z",5.475014
"2021-03-17T08:12:01Z",5.475014
"2021-03-17T08:13:01Z",5.478818
"2021-03-17T08:14:01Z",5.478818
"2021-03-17T08:15:01Z",5.49381
"2021-03-17T08:16:01Z",5.510394
"2021-03-17T08:17:01Z",5.533654
"2021-03-17T08:18:01Z",5.533654
"2021-03-17T08:19:01Z",5.533654
"2021-03-17T08:20:01Z",5.533654
"2021-03-17T08:21:01Z",5.291849
"2021-03-17T08:22:01Z",5.424051
"2021-03-17T08:23:01Z",5.824495
"2021-03-17T08:24:01Z",5.824495
"2021-03-17T08:25:01Z",5.824581
"2021-03-17T08:26:01Z",5.823623
"2021-03-17T08:27:01Z",5.823623
"2021-03-17T08:28:01Z",5.823623
"2021-03-17T08:29:01Z",5.823623
"2021-03-17T08:30:01Z",5.810321
"2021-03-17T08:31:01Z",5.810321
"2021-03-17T08:32:01Z",5.812619
"2021-03-17T08:33:01Z",5.812619
"2021-03-17T08:34:01Z",5.812619
"2021-03-17T08:35:01Z",5.816064
"2021-03-17T08:36:01Z",5.816064
"2021-03-17T08:37:01Z",5.816925
"2021-03-17T08:38:01Z",5.816925
"2021-03-17T08:39:01Z",5.816925
"2021-03-17T08:40:01Z",5.816925
"2021-03-17T08:41:01Z",5.865731
"2021-03-17T08:42:01Z",5.871644
"2021-03-17T08:43:01Z",5.81072
"2021-03-17T08:44:01Z",5.81072
"2021-03-17T08:45:01Z",5.813138
"2021-03-17T08:46:01Z",5.813138
"2021-03-17T08:47:01Z",5.881817
"2021-03-17T08:48:01Z",5.881817
"2021-03-17T08:49:01Z",5.923729
"2021-03-17T08:50:01Z",5.925562
"2021-03-17T08:51:01Z",5.925562
"2021-03-17T08:52:01Z",5.948153
"2021-03-17T08:53:01Z",5.948153
"2021-03-17T08:54:01Z",5.948153
"2021-03-17T08:55:01Z",5.950315
"2021-03-17T08:56:01Z",5.962031
"2021-03-17T08:57:01Z",5.962535
"2021-03-17T08:58:01Z",5.962535
"2021-03-17T08:59:01Z",5.962535
"2021-03-17T09:00:01Z",5.972378
"2021-03-17T09:01:01Z",5.975513
"2021-03-17T09:02:01Z",5.975513
"2021-03-17T09:03:01Z",5.975513
"2021-03-17T09:04:01Z",5.960509
"2021-03-17T09:05:01Z",5.973126
"2021-03-17T09:06:01Z",5.973126
"2021-03-17T09:07:01Z",5.974556
"2021-03-17T09:08:01Z",5.974556
"2021-03-17T09:09:01Z",5.979159
"2021-03-17T09:10:01Z",5.893224
"2021-03-17T09:11:01Z",5.894063
"2021-03-17T09:12:01Z",5.894063
"2021-03-17T09:13:01Z",5.923434
"2021-03-17T09:14:01Z",5.913361
"2021-03-17T09:15:01Z",5.917447
"2021-03-17T09:16:01Z",5.917447
"2021-03-17T09:17:01Z",5.899261
"2021-03-17T09:18:01Z",5.899261
"2021-03-17T09:19:01Z",5.899261
"2021-03-17T09:20:01Z",5.899261
"2021-03-17T09:21:01Z",5.899261
"2021-03-17T09:22:01Z",5.899261
"2021-03-17T09:23:01Z",5.907244
"2021-03-17T09:24:01Z",5.907244
"2021-03-17T09:25:01Z",5.907244
"2021-03-17T09:26:01Z",5.911974
"2021-03-17T09:27:01Z",5.911974
"2021-03-17T09:28:01Z",5.911974
"2021-03-17T09:29:01Z",5.911974
"2021-03-17T09:30:01Z",5.911974
"2021-03-17T09:31:01Z",5.950089
"2021-03-17T09:32:01Z",5.950089
"2021-03-17T09:33:01Z",5.950089
"2021-03-17T09:34:01Z",6.035701
"2021-03-17T09:35:01Z",6.035701
"2021-03-17T09:36:01Z",6.05543
"2021-03-17T09:37:01Z",6.087142
"2021-03-17T09:38:01Z",6.087384
"2021-03-17T09:39:01Z",6.102234
"2021-03-17T09:40:01Z",6.102234
"2021-03-17T09:41:01Z",6.102234
"2021-03-17T09:42:01Z",6.102234
"2021-03-17T09:43:01Z",6.102234
"2021-03-17T09:44:01Z",6.156462
"2021-03-17T09:45:02Z",6.191183
"2021-03-17T09:46:01Z",6.191183
"2021-03-17T09:47:01Z",6.191183
"2021-03-17T09:48:01Z",6.196592
"2021-03-17T09:49:01Z",6.198622
"2021-03-17T09:50:01Z",6.22404
"2021-03-17T09:51:01Z",6.22404
"2021-03-17T09:52:01Z",6.227525
"2021-03-17T09:53:01Z",6.230662
"2021-03-17T09:54:01Z",6.235119
"2021-03-17T09:55:01Z",6.238836
"2021-03-17T09:56:01Z",6.238836
"2021-03-17T09:57:01Z",6.238836
"2021-03-17T09:58:01Z",6.086629
"2021-03-17T09:59:01Z",6.117336
"2021-03-17T10:00:01Z",6.122605
"2021-03-17T10:01:01Z",6.124966
"2021-03-17T10:02:01Z",6.124966
"2021-03-17T10:03:01Z",6.139208
"2021-03-17T10:04:01Z",6.139208
"2021-03-17T10:05:01Z",6.139208
"2021-03-17T10:06:01Z",6.13227
"2021-03-17T10:07:01Z",6.13227
"2021-03-17T10:08:01Z",6.13227
"2021-03-17T10:09:01Z",6.175156
"2021-03-17T10:10:01Z",6.176054
"2021-03-17T10:11:01Z",6.176054
"2021-03-17T10:12:01Z",6.176054
"2021-03-17T10:13:01Z",6.176054
"2021-03-17T10:14:01Z",6.176215
"2021-03-17T10:15:01Z",6.176215
"2021-03-17T10:16:01Z",6.181746
"2021-03-17T10:17:01Z",6.187778
"2021-03-17T10:18:01Z",6.187778
"2021-03-17T10:19:01Z",6.187778
"2021-03-17T10:20:01Z",6.189513
"2021-03-17T10:21:01Z",6.192357
"2021-03-17T10:22:01Z",6.20835
"2021-03-17T10:23:01Z",6.12312
"2021-03-17T10:24:01Z",6.125103
"2021-03-17T10:25:01Z",6.128747
"2021-03-17T10:26:01Z",6.133918
"2021-03-17T10:27:01Z",6.133918
"2021-03-17T10:28:01Z",6.133665
"2021-03-17T10:29:01Z",6.124079
"2021-03-17T10:30:01Z",6.128837
"2021-03-17T10:31:01Z",6.129036
"2021-03-17T10:32:01Z",6.129036
"2021-03-17T10:33:01Z",6.129036
"2021-03-17T10:34:01Z",6.129036
"2021-03-17T10:35:01Z",6.129036
"2021-03-17T10:36:01Z",6.130919
"2021-03-17T10:37:01Z",6.134365
"2021-03-17T10:38:01Z",6.134365
"2021-03-17T10:39:01Z",6.134365
"2021-03-17T10:40:01Z",6.134365
"2021-03-17T10:41:01Z",6.144724
"2021-03-17T10:42:01Z",6.146448
"2021-03-17T10:43:01Z",6.151111
"2021-03-17T10:44:01Z",6.151111
"2021-03-17T10:45:01Z",6.153098
"2021-03-17T10:46:01Z",6.084937
"2021-03-17T10:47:01Z",6.08552
"2021-03-17T10:48:01Z",6.08552
"2021-03-17T10:49:01Z",6.08552
"2021-03-17T10:50:01Z",6.08552
"2021-03-17T10:51:01Z",6.08552
"2021-03-17T10:52:01Z",6.072361
"2021-03-17T10:53:01Z",6.165249
"2021-03-17T10:54:01Z",6.165249
"2021-03-17T10:55:01Z",6.165249
"2021-03-17T10:56:01Z",6.165249
"2021-03-17T10:57:01Z",6.165289
"2021-03-17T10:58:01Z",6.165329
"2021-03-17T10:59:01Z",6.161312
"2021-03-17T11:00:01Z",6.161411
"2021-03-17T11:01:01Z",6.161411
"2021-03-17T11:02:01Z",6.161411
"2021-03-17T11:03:01Z",6.161411
"2021-03-17T11:04:01Z",6.161411
"2021-03-17T11:05:01Z",6.180104
"2021-03-17T11:06:01Z",6.181288
"2021-03-17T11:07:01Z",6.17273
"2021-03-17T11:08:01Z",6.17273
"2021-03-17T11:09:01Z",6.17273
"2021-03-17T11:10:01Z",6.17273
"2021-03-17T11:11:01Z",6.17273
"2021-03-17T11:12:01Z",6.18066
"2021-03-17T11:13:01Z",6.18066
"2021-03-17T11:14:01Z",6.19297
"2021-03-17T11:15:01Z",6.083045
"2021-03-17T11:16:01Z",6.083045
"2021-03-17T11:17:01Z",6.083045
"2021-03-17T11:18:01Z",6.083045
"2021-03-17T11:19:01Z",6.083045
"2021-03-17T11:20:01Z",6.083045
"2021-03-17T11:21:01Z",6.083045
"2021-03-17T11:22:01Z",6.089955
"2021-03-17T11:23:01Z",6.089955
"2021-03-17T11:24:01Z",6.111079
"2021-03-17T11:25:01Z",6.111079
"2021-03-17T11:26:01Z",6.111079
"2021-03-17T11:27:01Z",6.111079
"2021-03-17T11:28:01Z",6.111079
"2021-03-17T11:29:01Z",6.111079
"2021-03-17T11:30:01Z",6.111079
"2021-03-17T11:31:01Z",6.111079
"2021-03-17T11:32:01Z",6.125023
"2021-03-17T11:33:01Z",6.128525
"2021-03-17T11:34:01Z",6.128525
"2021-03-17T11:35:01Z",6.128525
"2021-03-17T11:36:01Z",6.13124
"2021-03-17T11:37:01Z",6.13124
"2021-03-17T11:38:01Z",6.13124
"2021-03-17T11:39:01Z",6.131622
"2021-03-17T11:40:01Z",6.131622
"2021-03-17T11:41:01Z",6.131622
"2021-03-17T11:42:01Z",6.131622
"2021-03-17T11:43:01Z",6.131622
"2021-03-17T11:44:01Z",6.131622
"2021-03-17T11:45:01Z",6.052543
"2021-03-17T11:46:01Z",6.131689
"2021-03-17T11:47:01Z",6.122804
"2021-03-17T11:48:01Z",6.147902
"2021-03-17T11:49:01Z",6.149643
"2021-03-17T11:50:01Z",6.149643
"2021-03-17T11:51:01Z",6.149643
"2021-03-17T11:52:01Z",6.149918
"2021-03-17T11:53:01Z",6.149918
"2021-03-17T11:54:01Z",6.149918
"2021-03-17T11:55:01Z",6.174802
"2021-03-17T11:56:01Z",6.140428
"2021-03-17T11:57:01Z",6.140428
"2021-03-17T11:58:01Z",6.140428
"2021-03-17T11:59:01Z",6.144606
"2021-03-17T12:00:01Z",6.165095
"2021-03-17T12:01:01Z",6.166317
"2021-03-17T12:02:01Z",6.168763
"2021-03-17T12:03:01Z",6.168763
"2021-03-17T12:04:01Z",6.164128
"2021-03-17T12:05:01Z",6.164506
"2021-03-17T12:06:01Z",6.164506
"2021-03-17T12:07:01Z",6.164506
"2021-03-17T12:08:01Z",6.164506
"2021-03-17T12:09:01Z",6.147004
"2021-03-17T12:10:01Z",5.915741
"2021-03-17T12:11:01Z",6.075034
"2021-03-17T12:12:01Z",6.075034
"2021-03-17T12:13:01Z",5.968432
"2021-03-17T12:14:01Z",5.968432
"2021-03-17T12:15:01Z",5.747229
"2021-03-17T12:16:01Z",5.738266
"2021-03-17T12:17:01Z",5.845962
"2021-03-17T12:18:01Z",5.845962
"2021-03-17T12:19:01Z",5.845962
"2021-03-17T12:20:01Z",5.845962
"2021-03-17T12:21:01Z",5.845962
"2021-03-17T12:22:01Z",5.868227
"2021-03-17T12:23:01Z",5.910415
"2021-03-17T12:24:01Z",5.907099
"2021-03-17T12:25:01Z",5.910499
"2021-03-17T12:26:01Z",6.019073
"2021-03-17T12:27:01Z",6.019073
"2021-03-17T12:28:01Z",6.019073
"2021-03-17T12:29:01Z",6.019073
"2021-03-17T12:30:01Z",6.019073
"2021-03-17T12:31:01Z",6.019073
"2021-03-17T12:32:01Z",6.02268
"2021-03-17T12:33:01Z",5.909013
"2021-03-17T12:34:01Z",5.920501
"2021-03-17T12:35:01Z",5.929384
"2021-03-17T12:36:01Z",5.932742
"2021-03-17T12:37:01Z",5.932742
"2021-03-17T12:38:01Z",5.932742
"2021-03-17T12:39:01Z",5.932742
"2021-03-17T12:40:01Z",5.917795
"2021-03-17T12:41:01Z",5.917795
"2021-03-17T12:42:01Z",5.817764
"2021-03-17T12:43:01Z",5.820192
"2021-03-17T12:44:01Z",5.822597
"2021-03-17T12:45:01Z",5.823752
"2021-03-17T12:46:01Z",5.823752
"2021-03-17T12:47:01Z",5.823752
"2021-03-17T12:48:01Z",5.70826
"2021-03-17T12:49:01Z",5.7301
"2021-03-17T12:50:01Z",5.737322
"2021-03-17T12:51:01Z",5.737322
"2021-03-17T12:52:01Z",5.738508
"2021-03-17T12:53:01Z",5.738617
"2021-03-17T12:54:01Z",5.820952
"2021-03-17T12:55:01Z",5.820952
"2021-03-17T12:56:01Z",5.820952
"2021-03-17T12:57:01Z",5.821036
"2021-03-17T12:58:01Z",5.823404
"2021-03-17T12:59:01Z",5.811886
"2021-03-17T13:00:01Z",5.811886
"2021-03-17T13:01:01Z",5.811886
"2021-03-17T13:02:01Z",5.811886
"2021-03-17T13:03:01Z",5.811886
"2021-03-17T13:04:01Z",5.811886
"2021-03-17T13:05:01Z",5.811886
"2021-03-17T13:06:01Z",5.811886
"2021-03-17T13:07:01Z",5.811886
"2021-03-17T13:08:01Z",5.778389
"2021-03-17T13:09:01Z",5.778389
"2021-03-17T13:10:01Z",5.779889
"2021-03-17T13:11:01Z",5.778532
"2021-03-17T13:12:01Z",5.774862
"2021-03-17T13:13:01Z",5.774862
"2021-03-17T13:14:01Z",5.782501
"2021-03-17T13:15:01Z",5.782501
"2021-03-17T13:16:01Z",5.783461
"2021-03-17T13:17:01Z",5.783461
"2021-03-17T13:18:01Z",5.702646
"2021-03-17T13:19:01Z",5.705302
"2021-03-17T13:20:01Z",5.496013
"2021-03-17T13:21:01Z",5.579287
"2021-03-17T13:22:01Z",5.568244
"2021-03-17T13:23:01Z",5.568244
"2021-03-17T13:24:01Z",5.568244
"2021-03-17T13:25:01Z",5.758162
"2021-03-17T13:26:01Z",5.743502
"2021-03-17T13:27:01Z",5.743502
"2021-03-17T13:28:01Z",5.767232
"2021-03-17T13:29:01Z",5.760552
"2021-03-17T13:30:01Z",5.760552
"2021-03-17T13:31:01Z",5.761965
"2021-03-17T13:32:01Z",5.761965
"2021-03-17T13:33:01Z",5.764334
"2021-03-17T13:34:01Z",5.781241
"2021-03-17T13:35:01Z",5.781681
"2021-03-17T13:36:01Z",5.747052
"2021-03-17T13:37:01Z",5.747052
"2021-03-17T13:38:01Z",5.815914
"2021-03-17T13:39:01Z",5.8124
"2021-03-17T13:40:01Z",6.006271
"2021-03-17T13:41:01Z",5.977006
"2021-03-17T13:42:01Z",5.982988
"2021-03-17T13:43:01Z",6.003957
"2021-03-17T13:44:01Z",6.019647
"2021-03-17T13:45:01Z",6.034156
"2021-03-17T13:46:01Z",5.99087
"2021-03-17T13:47:01Z",6.059816
"2021-03-17T13:48:01Z",6.059816
"2021-03-17T13:49:01Z",6.059816
"2021-03-17T13:50:01Z",6.054997
"2021-03-17T13:51:01Z",6.054997
"2021-03-17T13:52:01Z",6.058621
"2021-03-17T13:53:01Z",6.065295
"2021-03-17T13:54:01Z",6.080339
"2021-03-17T13:55:01Z",6.063108
"2021-03-17T13:56:01Z",6.06448
"2021-03-17T13:57:01Z",6.107248
"2021-03-17T13:58:01Z",6.109679
"2021-03-17T13:59:01Z",6.110438
"2021-03-17T14:00:01Z",5.978655
"2021-03-17T14:01:01Z",5.98895
"2021-03-17T14:02:01Z",5.98895
"2021-03-17T14:03:01Z",5.98895
"2021-03-17T14:04:01Z",5.98895
"2021-03-17T14:05:01Z",5.98895
"2021-03-17T14:06:01Z",5.98895
"2021-03-17T14:07:01Z",5.965179
"2021-03-17T14:08:01Z",5.965179
"2021-03-17T14:09:01Z",5.965179
"2021-03-17T14:10:01Z",5.965179
"2021-03-17T14:11:00Z",5.965179
